CREATE DATABASE  IF NOT EXISTS `ry` /*!40100 DEFAULT CHARACTER SET utf8 */;
USE `ry`;
-- MySQL dump 10.13  Distrib 8.0.11, for Win64 (x86_64)
--
-- Host: localhost    Database: ry
-- ------------------------------------------------------
-- Server version	8.0.11

/*!40101 SET @OLD_CHARACTER_SET_CLIENT=@@CHARACTER_SET_CLIENT */;
/*!40101 SET @OLD_CHARACTER_SET_RESULTS=@@CHARACTER_SET_RESULTS */;
/*!40101 SET @OLD_COLLATION_CONNECTION=@@COLLATION_CONNECTION */;
 SET NAMES utf8 ;
/*!40103 SET @OLD_TIME_ZONE=@@TIME_ZONE */;
/*!40103 SET TIME_ZONE='+00:00' */;
/*!40014 SET @OLD_UNIQUE_CHECKS=@@UNIQUE_CHECKS, UNIQUE_CHECKS=0 */;
/*!40014 SET @OLD_FOREIGN_KEY_CHECKS=@@FOREIGN_KEY_CHECKS, FOREIGN_KEY_CHECKS=0 */;
/*!40101 SET @OLD_SQL_MODE=@@SQL_MODE, SQL_MODE='NO_AUTO_VALUE_ON_ZERO' */;
/*!40111 SET @OLD_SQL_NOTES=@@SQL_NOTES, SQL_NOTES=0 */;

--
-- Table structure for table `qrtz_blob_triggers`
--

DROP TABLE IF EXISTS `qrtz_blob_triggers`;
/*!40101 SET @saved_cs_client     = @@character_set_client */;
 SET character_set_client = utf8mb4 ;
CREATE TABLE `qrtz_blob_triggers` (
  `sched_name` varchar(120) NOT NULL,
  `trigger_name` varchar(200) NOT NULL,
  `trigger_group` varchar(200) NOT NULL,
  `blob_data` blob,
  PRIMARY KEY (`sched_name`,`trigger_name`,`trigger_group`),
  CONSTRAINT `qrtz_blob_triggers_ibfk_1` FOREIGN KEY (`sched_name`, `trigger_name`, `trigger_group`) REFERENCES `qrtz_triggers` (`sched_name`, `trigger_name`, `trigger_group`)
) ENGINE=InnoDB DEFAULT CHARSET=utf8;
/*!40101 SET character_set_client = @saved_cs_client */;

--
-- Dumping data for table `qrtz_blob_triggers`
--

LOCK TABLES `qrtz_blob_triggers` WRITE;
/*!40000 ALTER TABLE `qrtz_blob_triggers` DISABLE KEYS */;
/*!40000 ALTER TABLE `qrtz_blob_triggers` ENABLE KEYS */;
UNLOCK TABLES;

--
-- Table structure for table `qrtz_calendars`
--

DROP TABLE IF EXISTS `qrtz_calendars`;
/*!40101 SET @saved_cs_client     = @@character_set_client */;
 SET character_set_client = utf8mb4 ;
CREATE TABLE `qrtz_calendars` (
  `sched_name` varchar(120) NOT NULL,
  `calendar_name` varchar(200) NOT NULL,
  `calendar` blob NOT NULL,
  PRIMARY KEY (`sched_name`,`calendar_name`)
) ENGINE=InnoDB DEFAULT CHARSET=utf8;
/*!40101 SET character_set_client = @saved_cs_client */;

--
-- Dumping data for table `qrtz_calendars`
--

LOCK TABLES `qrtz_calendars` WRITE;
/*!40000 ALTER TABLE `qrtz_calendars` DISABLE KEYS */;
/*!40000 ALTER TABLE `qrtz_calendars` ENABLE KEYS */;
UNLOCK TABLES;

--
-- Table structure for table `qrtz_cron_triggers`
--

DROP TABLE IF EXISTS `qrtz_cron_triggers`;
/*!40101 SET @saved_cs_client     = @@character_set_client */;
 SET character_set_client = utf8mb4 ;
CREATE TABLE `qrtz_cron_triggers` (
  `sched_name` varchar(120) NOT NULL,
  `trigger_name` varchar(200) NOT NULL,
  `trigger_group` varchar(200) NOT NULL,
  `cron_expression` varchar(200) NOT NULL,
  `time_zone_id` varchar(80) DEFAULT NULL,
  PRIMARY KEY (`sched_name`,`trigger_name`,`trigger_group`),
  CONSTRAINT `qrtz_cron_triggers_ibfk_1` FOREIGN KEY (`sched_name`, `trigger_name`, `trigger_group`) REFERENCES `qrtz_triggers` (`sched_name`, `trigger_name`, `trigger_group`)
) ENGINE=InnoDB DEFAULT CHARSET=utf8;
/*!40101 SET character_set_client = @saved_cs_client */;

--
-- Dumping data for table `qrtz_cron_triggers`
--

LOCK TABLES `qrtz_cron_triggers` WRITE;
/*!40000 ALTER TABLE `qrtz_cron_triggers` DISABLE KEYS */;
INSERT INTO `qrtz_cron_triggers` VALUES ('RuoyiScheduler','TASK_1','DEFAULT','0/10 * * * * ?','Asia/Shanghai'),('RuoyiScheduler','TASK_2','DEFAULT','0/20 * * * * ?','Asia/Shanghai');
/*!40000 ALTER TABLE `qrtz_cron_triggers` ENABLE KEYS */;
UNLOCK TABLES;

--
-- Table structure for table `qrtz_fired_triggers`
--

DROP TABLE IF EXISTS `qrtz_fired_triggers`;
/*!40101 SET @saved_cs_client     = @@character_set_client */;
 SET character_set_client = utf8mb4 ;
CREATE TABLE `qrtz_fired_triggers` (
  `sched_name` varchar(120) NOT NULL,
  `entry_id` varchar(95) NOT NULL,
  `trigger_name` varchar(200) NOT NULL,
  `trigger_group` varchar(200) NOT NULL,
  `instance_name` varchar(200) NOT NULL,
  `fired_time` bigint(13) NOT NULL,
  `sched_time` bigint(13) NOT NULL,
  `priority` int(11) NOT NULL,
  `state` varchar(16) NOT NULL,
  `job_name` varchar(200) DEFAULT NULL,
  `job_group` varchar(200) DEFAULT NULL,
  `is_nonconcurrent` varchar(1) DEFAULT NULL,
  `requests_recovery` varchar(1) DEFAULT NULL,
  PRIMARY KEY (`sched_name`,`entry_id`)
) ENGINE=InnoDB DEFAULT CHARSET=utf8;
/*!40101 SET character_set_client = @saved_cs_client */;

--
-- Dumping data for table `qrtz_fired_triggers`
--

LOCK TABLES `qrtz_fired_triggers` WRITE;
/*!40000 ALTER TABLE `qrtz_fired_triggers` DISABLE KEYS */;
/*!40000 ALTER TABLE `qrtz_fired_triggers` ENABLE KEYS */;
UNLOCK TABLES;

--
-- Table structure for table `qrtz_job_details`
--

DROP TABLE IF EXISTS `qrtz_job_details`;
/*!40101 SET @saved_cs_client     = @@character_set_client */;
 SET character_set_client = utf8mb4 ;
CREATE TABLE `qrtz_job_details` (
  `sched_name` varchar(120) NOT NULL,
  `job_name` varchar(200) NOT NULL,
  `job_group` varchar(200) NOT NULL,
  `description` varchar(250) DEFAULT NULL,
  `job_class_name` varchar(250) NOT NULL,
  `is_durable` varchar(1) NOT NULL,
  `is_nonconcurrent` varchar(1) NOT NULL,
  `is_update_data` varchar(1) NOT NULL,
  `requests_recovery` varchar(1) NOT NULL,
  `job_data` blob,
  PRIMARY KEY (`sched_name`,`job_name`,`job_group`)
) ENGINE=InnoDB DEFAULT CHARSET=utf8;
/*!40101 SET character_set_client = @saved_cs_client */;

--
-- Dumping data for table `qrtz_job_details`
--

LOCK TABLES `qrtz_job_details` WRITE;
/*!40000 ALTER TABLE `qrtz_job_details` DISABLE KEYS */;
INSERT INTO `qrtz_job_details` VALUES ('RuoyiScheduler','TASK_1','DEFAULT',NULL,'com.ruoyi.project.monitor.job.util.ScheduleJob','0','0','0','0','¬\í\0sr\0org.quartz.JobDataMapŸ°ƒè¿©°\Ë\0\0xr\0&org.quartz.utils.StringKeyDirtyFlagMap‚\è\Ãû\Å](\0Z\0allowsTransientDataxr\0org.quartz.utils.DirtyFlagMap\æ.­(v\n\Î\0Z\0dirtyL\0mapt\0Ljava/util/Map;xpsr\0java.util.HashMap\ÚÁ\Ã`\Ñ\0F\0\nloadFactorI\0	thresholdxp?@\0\0\0\0\0w\0\0\0\0\0\0t\0\rJOB_PARAM_KEYsr\0(com.ruoyi.project.monitor.job.domain.Job\0\0\0\0\0\0\0\0L\0cronExpressiont\0Ljava/lang/String;L\0jobGroupq\0~\0	L\0jobIdt\0Ljava/lang/Long;L\0jobNameq\0~\0	L\0\nmethodNameq\0~\0	L\0paramsq\0~\0	L\0statusq\0~\0	xr\0)com.ruoyi.framework.web.domain.BaseEntity\0\0\0\0\0\0\0\0L\0createByq\0~\0	L\0\ncreateTimet\0Ljava/util/Date;L\0remarkq\0~\0	L\0searchValueq\0~\0	L\0updateByq\0~\0	L\0\nupdateTimeq\0~\0xpt\0adminsr\0java.util.DatehjKYt\0\0xpw\0\0b,\Ş)\àxppppt\00/10 * * * * ?t\0ç³»ç»Ÿé»˜è®¤ï¼ˆæ— å‚ï¼‰sr\0java.lang.Long;‹\äÌ#\ß\0J\0valuexr\0java.lang.Number†¬•”\à‹\0\0xp\0\0\0\0\0\0\0t\0ryTaskt\0\nryNoParamst\0\0t\01x\0'),('RuoyiScheduler','TASK_2','DEFAULT',NULL,'com.ruoyi.project.monitor.job.util.ScheduleJob','0','0','0','0','¬\í\0sr\0org.quartz.JobDataMapŸ°ƒè¿©°\Ë\0\0xr\0&org.quartz.utils.StringKeyDirtyFlagMap‚\è\Ãû\Å](\0Z\0allowsTransientDataxr\0org.quartz.utils.DirtyFlagMap\æ.­(v\n\Î\0Z\0dirtyL\0mapt\0Ljava/util/Map;xpsr\0java.util.HashMap\ÚÁ\Ã`\Ñ\0F\0\nloadFactorI\0	thresholdxp?@\0\0\0\0\0w\0\0\0\0\0\0t\0\rJOB_PARAM_KEYsr\0(com.ruoyi.project.monitor.job.domain.Job\0\0\0\0\0\0\0\0L\0cronExpressiont\0Ljava/lang/String;L\0jobGroupq\0~\0	L\0jobIdt\0Ljava/lang/Long;L\0jobNameq\0~\0	L\0\nmethodNameq\0~\0	L\0paramsq\0~\0	L\0statusq\0~\0	xr\0)com.ruoyi.framework.web.domain.BaseEntity\0\0\0\0\0\0\0\0L\0createByq\0~\0	L\0\ncreateTimet\0Ljava/util/Date;L\0remarkq\0~\0	L\0searchValueq\0~\0	L\0updateByq\0~\0	L\0\nupdateTimeq\0~\0xpt\0adminsr\0java.util.DatehjKYt\0\0xpw\0\0b,\Ş)\àxppppt\00/20 * * * * ?t\0ç³»ç»Ÿé»˜è®¤ï¼ˆæœ‰å‚ï¼‰sr\0java.lang.Long;‹\äÌ#\ß\0J\0valuexr\0java.lang.Number†¬•”\à‹\0\0xp\0\0\0\0\0\0\0t\0ryTaskt\0ryParamst\0ryt\01x\0');
/*!40000 ALTER TABLE `qrtz_job_details` ENABLE KEYS */;
UNLOCK TABLES;

--
-- Table structure for table `qrtz_locks`
--

DROP TABLE IF EXISTS `qrtz_locks`;
/*!40101 SET @saved_cs_client     = @@character_set_client */;
 SET character_set_client = utf8mb4 ;
CREATE TABLE `qrtz_locks` (
  `sched_name` varchar(120) NOT NULL,
  `lock_name` varchar(40) NOT NULL,
  PRIMARY KEY (`sched_name`,`lock_name`)
) ENGINE=InnoDB DEFAULT CHARSET=utf8;
/*!40101 SET character_set_client = @saved_cs_client */;

--
-- Dumping data for table `qrtz_locks`
--

LOCK TABLES `qrtz_locks` WRITE;
/*!40000 ALTER TABLE `qrtz_locks` DISABLE KEYS */;
INSERT INTO `qrtz_locks` VALUES ('RuoyiScheduler','STATE_ACCESS'),('RuoyiScheduler','TRIGGER_ACCESS');
/*!40000 ALTER TABLE `qrtz_locks` ENABLE KEYS */;
UNLOCK TABLES;

--
-- Table structure for table `qrtz_paused_trigger_grps`
--

DROP TABLE IF EXISTS `qrtz_paused_trigger_grps`;
/*!40101 SET @saved_cs_client     = @@character_set_client */;
 SET character_set_client = utf8mb4 ;
CREATE TABLE `qrtz_paused_trigger_grps` (
  `sched_name` varchar(120) NOT NULL,
  `trigger_group` varchar(200) NOT NULL,
  PRIMARY KEY (`sched_name`,`trigger_group`)
) ENGINE=InnoDB DEFAULT CHARSET=utf8;
/*!40101 SET character_set_client = @saved_cs_client */;

--
-- Dumping data for table `qrtz_paused_trigger_grps`
--

LOCK TABLES `qrtz_paused_trigger_grps` WRITE;
/*!40000 ALTER TABLE `qrtz_paused_trigger_grps` DISABLE KEYS */;
/*!40000 ALTER TABLE `qrtz_paused_trigger_grps` ENABLE KEYS */;
UNLOCK TABLES;

--
-- Table structure for table `qrtz_scheduler_state`
--

DROP TABLE IF EXISTS `qrtz_scheduler_state`;
/*!40101 SET @saved_cs_client     = @@character_set_client */;
 SET character_set_client = utf8mb4 ;
CREATE TABLE `qrtz_scheduler_state` (
  `sched_name` varchar(120) NOT NULL,
  `instance_name` varchar(200) NOT NULL,
  `last_checkin_time` bigint(13) NOT NULL,
  `checkin_interval` bigint(13) NOT NULL,
  PRIMARY KEY (`sched_name`,`instance_name`)
) ENGINE=InnoDB DEFAULT CHARSET=utf8;
/*!40101 SET character_set_client = @saved_cs_client */;

--
-- Dumping data for table `qrtz_scheduler_state`
--

LOCK TABLES `qrtz_scheduler_state` WRITE;
/*!40000 ALTER TABLE `qrtz_scheduler_state` DISABLE KEYS */;
INSERT INTO `qrtz_scheduler_state` VALUES ('RuoyiScheduler','DESKTOP-7GM7M6V1531212966196',1531214320234,15000);
/*!40000 ALTER TABLE `qrtz_scheduler_state` ENABLE KEYS */;
UNLOCK TABLES;

--
-- Table structure for table `qrtz_simple_triggers`
--

DROP TABLE IF EXISTS `qrtz_simple_triggers`;
/*!40101 SET @saved_cs_client     = @@character_set_client */;
 SET character_set_client = utf8mb4 ;
CREATE TABLE `qrtz_simple_triggers` (
  `sched_name` varchar(120) NOT NULL,
  `trigger_name` varchar(200) NOT NULL,
  `trigger_group` varchar(200) NOT NULL,
  `repeat_count` bigint(7) NOT NULL,
  `repeat_interval` bigint(12) NOT NULL,
  `times_triggered` bigint(10) NOT NULL,
  PRIMARY KEY (`sched_name`,`trigger_name`,`trigger_group`),
  CONSTRAINT `qrtz_simple_triggers_ibfk_1` FOREIGN KEY (`sched_name`, `trigger_name`, `trigger_group`) REFERENCES `qrtz_triggers` (`sched_name`, `trigger_name`, `trigger_group`)
) ENGINE=InnoDB DEFAULT CHARSET=utf8;
/*!40101 SET character_set_client = @saved_cs_client */;

--
-- Dumping data for table `qrtz_simple_triggers`
--

LOCK TABLES `qrtz_simple_triggers` WRITE;
/*!40000 ALTER TABLE `qrtz_simple_triggers` DISABLE KEYS */;
/*!40000 ALTER TABLE `qrtz_simple_triggers` ENABLE KEYS */;
UNLOCK TABLES;

--
-- Table structure for table `qrtz_simprop_triggers`
--

DROP TABLE IF EXISTS `qrtz_simprop_triggers`;
/*!40101 SET @saved_cs_client     = @@character_set_client */;
 SET character_set_client = utf8mb4 ;
CREATE TABLE `qrtz_simprop_triggers` (
  `sched_name` varchar(120) NOT NULL,
  `trigger_name` varchar(200) NOT NULL,
  `trigger_group` varchar(200) NOT NULL,
  `str_prop_1` varchar(512) DEFAULT NULL,
  `str_prop_2` varchar(512) DEFAULT NULL,
  `str_prop_3` varchar(512) DEFAULT NULL,
  `int_prop_1` int(11) DEFAULT NULL,
  `int_prop_2` int(11) DEFAULT NULL,
  `long_prop_1` bigint(20) DEFAULT NULL,
  `long_prop_2` bigint(20) DEFAULT NULL,
  `dec_prop_1` decimal(13,4) DEFAULT NULL,
  `dec_prop_2` decimal(13,4) DEFAULT NULL,
  `bool_prop_1` varchar(1) DEFAULT NULL,
  `bool_prop_2` varchar(1) DEFAULT NULL,
  PRIMARY KEY (`sched_name`,`trigger_name`,`trigger_group`),
  CONSTRAINT `qrtz_simprop_triggers_ibfk_1` FOREIGN KEY (`sched_name`, `trigger_name`, `trigger_group`) REFERENCES `qrtz_triggers` (`sched_name`, `trigger_name`, `trigger_group`)
) ENGINE=InnoDB DEFAULT CHARSET=utf8;
/*!40101 SET character_set_client = @saved_cs_client */;

--
-- Dumping data for table `qrtz_simprop_triggers`
--

LOCK TABLES `qrtz_simprop_triggers` WRITE;
/*!40000 ALTER TABLE `qrtz_simprop_triggers` DISABLE KEYS */;
/*!40000 ALTER TABLE `qrtz_simprop_triggers` ENABLE KEYS */;
UNLOCK TABLES;

--
-- Table structure for table `qrtz_triggers`
--

DROP TABLE IF EXISTS `qrtz_triggers`;
/*!40101 SET @saved_cs_client     = @@character_set_client */;
 SET character_set_client = utf8mb4 ;
CREATE TABLE `qrtz_triggers` (
  `sched_name` varchar(120) NOT NULL,
  `trigger_name` varchar(200) NOT NULL,
  `trigger_group` varchar(200) NOT NULL,
  `job_name` varchar(200) NOT NULL,
  `job_group` varchar(200) NOT NULL,
  `description` varchar(250) DEFAULT NULL,
  `next_fire_time` bigint(13) DEFAULT NULL,
  `prev_fire_time` bigint(13) DEFAULT NULL,
  `priority` int(11) DEFAULT NULL,
  `trigger_state` varchar(16) NOT NULL,
  `trigger_type` varchar(8) NOT NULL,
  `start_time` bigint(13) NOT NULL,
  `end_time` bigint(13) DEFAULT NULL,
  `calendar_name` varchar(200) DEFAULT NULL,
  `misfire_instr` smallint(2) DEFAULT NULL,
  `job_data` blob,
  PRIMARY KEY (`sched_name`,`trigger_name`,`trigger_group`),
  KEY `sched_name` (`sched_name`,`job_name`,`job_group`),
  CONSTRAINT `qrtz_triggers_ibfk_1` FOREIGN KEY (`sched_name`, `job_name`, `job_group`) REFERENCES `qrtz_job_details` (`sched_name`, `job_name`, `job_group`)
) ENGINE=InnoDB DEFAULT CHARSET=utf8;
/*!40101 SET character_set_client = @saved_cs_client */;

--
-- Dumping data for table `qrtz_triggers`
--

LOCK TABLES `qrtz_triggers` WRITE;
/*!40000 ALTER TABLE `qrtz_triggers` DISABLE KEYS */;
INSERT INTO `qrtz_triggers` VALUES ('RuoyiScheduler','TASK_1','DEFAULT','TASK_1','DEFAULT',NULL,1530893140000,-1,5,'PAUSED','CRON',1530893133000,0,NULL,0,'¬\í\0sr\0org.quartz.JobDataMapŸ°ƒè¿©°\Ë\0\0xr\0&org.quartz.utils.StringKeyDirtyFlagMap‚\è\Ãû\Å](\0Z\0allowsTransientDataxr\0org.quartz.utils.DirtyFlagMap\æ.­(v\n\Î\0Z\0dirtyL\0mapt\0Ljava/util/Map;xpsr\0java.util.HashMap\ÚÁ\Ã`\Ñ\0F\0\nloadFactorI\0	thresholdxp?@\0\0\0\0\0w\0\0\0\0\0\0t\0\rJOB_PARAM_KEYsr\0(com.ruoyi.project.monitor.job.domain.Job\0\0\0\0\0\0\0\0L\0cronExpressiont\0Ljava/lang/String;L\0jobGroupq\0~\0	L\0jobIdt\0Ljava/lang/Long;L\0jobNameq\0~\0	L\0\nmethodNameq\0~\0	L\0paramsq\0~\0	L\0statusq\0~\0	xr\0)com.ruoyi.framework.web.domain.BaseEntity\0\0\0\0\0\0\0\0L\0createByq\0~\0	L\0\ncreateTimet\0Ljava/util/Date;L\0remarkq\0~\0	L\0searchValueq\0~\0	L\0updateByq\0~\0	L\0\nupdateTimeq\0~\0xpt\0adminsr\0java.util.DatehjKYt\0\0xpw\0\0b,\Ş)\àxt\0\0pppt\00/10 * * * * ?t\0ç³»ç»Ÿé»˜è®¤ï¼ˆæ— å‚ï¼‰sr\0java.lang.Long;‹\äÌ#\ß\0J\0valuexr\0java.lang.Number†¬•”\à‹\0\0xp\0\0\0\0\0\0\0t\0ryTaskt\0\nryNoParamst\0\0t\01x\0'),('RuoyiScheduler','TASK_2','DEFAULT','TASK_2','DEFAULT',NULL,1530893140000,-1,5,'PAUSED','CRON',1530893133000,0,NULL,0,'¬\í\0sr\0org.quartz.JobDataMapŸ°ƒè¿©°\Ë\0\0xr\0&org.quartz.utils.StringKeyDirtyFlagMap‚\è\Ãû\Å](\0Z\0allowsTransientDataxr\0org.quartz.utils.DirtyFlagMap\æ.­(v\n\Î\0Z\0dirtyL\0mapt\0Ljava/util/Map;xpsr\0java.util.HashMap\ÚÁ\Ã`\Ñ\0F\0\nloadFactorI\0	thresholdxp?@\0\0\0\0\0w\0\0\0\0\0\0t\0\rJOB_PARAM_KEYsr\0(com.ruoyi.project.monitor.job.domain.Job\0\0\0\0\0\0\0\0L\0cronExpressiont\0Ljava/lang/String;L\0jobGroupq\0~\0	L\0jobIdt\0Ljava/lang/Long;L\0jobNameq\0~\0	L\0\nmethodNameq\0~\0	L\0paramsq\0~\0	L\0statusq\0~\0	xr\0)com.ruoyi.framework.web.domain.BaseEntity\0\0\0\0\0\0\0\0L\0createByq\0~\0	L\0\ncreateTimet\0Ljava/util/Date;L\0remarkq\0~\0	L\0searchValueq\0~\0	L\0updateByq\0~\0	L\0\nupdateTimeq\0~\0xpt\0adminsr\0java.util.DatehjKYt\0\0xpw\0\0b,\Ş)\àxt\0\0pppt\00/20 * * * * ?t\0ç³»ç»Ÿé»˜è®¤ï¼ˆæœ‰å‚ï¼‰sr\0java.lang.Long;‹\äÌ#\ß\0J\0valuexr\0java.lang.Number†¬•”\à‹\0\0xp\0\0\0\0\0\0\0t\0ryTaskt\0ryParamst\0ryt\01x\0');
/*!40000 ALTER TABLE `qrtz_triggers` ENABLE KEYS */;
UNLOCK TABLES;

--
-- Table structure for table `sys_address_city`
--

DROP TABLE IF EXISTS `sys_address_city`;
/*!40101 SET @saved_cs_client     = @@character_set_client */;
 SET character_set_client = utf8mb4 ;
CREATE TABLE `sys_address_city` (
  `id` int(11) NOT NULL AUTO_INCREMENT COMMENT 'ç¼–å·',
  `city` varchar(256) NOT NULL COMMENT 'åŸå¸‚',
  `country_id` int(11) NOT NULL COMMENT 'å›½å®¶ç¼–å·',
  `status` int(1) NOT NULL DEFAULT '0' COMMENT 'çŠ¶æ€',
  `create_time` datetime DEFAULT CURRENT_TIMESTAMP COMMENT 'åˆ›å»ºæ—¶é—´',
  `create_by` varchar(64) DEFAULT ' ' COMMENT 'åˆ›å»ºè€…',
  `update_time` datetime DEFAULT CURRENT_TIMESTAMP ON UPDATE CURRENT_TIMESTAMP COMMENT 'æ›´æ–°æ—¶é—´',
  `update_by` varchar(64) DEFAULT ' ' COMMENT 'æ›´æ–°è€…',
  `remark` varchar(256) DEFAULT ' ' COMMENT 'å¤‡æ³¨',
  PRIMARY KEY (`id`)
) ENGINE=InnoDB AUTO_INCREMENT=5 DEFAULT CHARSET=utf8 COMMENT='åŸå¸‚';
/*!40101 SET character_set_client = @saved_cs_client */;

--
-- Dumping data for table `sys_address_city`
--

LOCK TABLES `sys_address_city` WRITE;
/*!40000 ALTER TABLE `sys_address_city` DISABLE KEYS */;
INSERT INTO `sys_address_city` VALUES (1,'ç¦å·',2,0,'2018-07-07 00:28:06','admin','2018-07-07 00:28:25','admin','2'),(2,'å¦é—¨',2,0,'2018-07-07 00:28:17','admin','2018-07-07 00:28:17',' ','22'),(3,'ç¦å·å¸‚1133',4,0,'2018-07-08 12:20:26','admin','2018-07-08 12:33:15','admin','22a'),(4,'ç¦å·å¸‚2',6,0,'2018-07-08 13:38:12','admin','2018-07-08 13:38:28','admin','3');
/*!40000 ALTER TABLE `sys_address_city` ENABLE KEYS */;
UNLOCK TABLES;

--
-- Table structure for table `sys_address_country`
--

DROP TABLE IF EXISTS `sys_address_country`;
/*!40101 SET @saved_cs_client     = @@character_set_client */;
 SET character_set_client = utf8mb4 ;
CREATE TABLE `sys_address_country` (
  `id` int(11) NOT NULL AUTO_INCREMENT,
  `country_name` varchar(45) DEFAULT NULL,
  `phone_code` varchar(45) DEFAULT NULL,
  `country_code` varchar(45) DEFAULT NULL,
  `status` char(1) DEFAULT '0',
  `create_by` varchar(45) DEFAULT '',
  `create_time` datetime DEFAULT CURRENT_TIMESTAMP,
  `update_by` varchar(45) DEFAULT '',
  `update_time` datetime DEFAULT CURRENT_TIMESTAMP,
  `remark` varchar(500) DEFAULT '',
  PRIMARY KEY (`id`)
) ENGINE=InnoDB AUTO_INCREMENT=7 DEFAULT CHARSET=utf8 COMMENT='å›½å®¶';
/*!40101 SET character_set_client = @saved_cs_client */;

--
-- Dumping data for table `sys_address_country`
--

LOCK TABLES `sys_address_country` WRITE;
/*!40000 ALTER TABLE `sys_address_country` DISABLE KEYS */;
INSERT INTO `sys_address_country` VALUES (2,'ä¸­å›½','86','CN','0','','2018-07-02 16:44:39','','2018-07-02 16:44:39','dfdsfa'),(4,'ç¾å›½','11','USA','0','','2018-07-02 17:11:34','','2018-07-02 17:11:34','dfa'),(5,'ç¾å›½','86','USA','0','admin','2018-07-02 17:17:10','admin','2018-07-02 17:17:10','dfaszzzzz'),(6,'ffd','455','sfg','1','admin','2018-07-07 21:20:00','admin','2018-07-07 21:20:00','');
/*!40000 ALTER TABLE `sys_address_country` ENABLE KEYS */;
UNLOCK TABLES;

--
-- Table structure for table `sys_address_fulladdress`
--

DROP TABLE IF EXISTS `sys_address_fulladdress`;
/*!40101 SET @saved_cs_client     = @@character_set_client */;
 SET character_set_client = utf8mb4 ;
CREATE TABLE `sys_address_fulladdress` (
  `id` int(11) NOT NULL AUTO_INCREMENT COMMENT 'ç¼–å·',
  `country_id` int(11) NOT NULL COMMENT 'å›½å®¶ç¼–å·',
  `city_id` int(11) NOT NULL COMMENT 'åŸå¸‚ç¼–å·',
  `address` varchar(256) NOT NULL COMMENT 'åœ°å€',
  `zip_code` varchar(128) NOT NULL COMMENT 'é‚®æ”¿ç¼–ç ',
  `status` int(11) NOT NULL DEFAULT '0' COMMENT 'çŠ¶æ€',
  `create_time` datetime DEFAULT CURRENT_TIMESTAMP COMMENT 'åˆ›å»ºæ—¶é—´',
  `create_by` varchar(64) DEFAULT ' ' COMMENT 'åˆ›å»ºè€…',
  `update_time` datetime DEFAULT CURRENT_TIMESTAMP ON UPDATE CURRENT_TIMESTAMP COMMENT 'æ›´æ–°æ—¶é—´',
  `update_by` varchar(64) DEFAULT ' ' COMMENT 'æ›´æ–°è€…',
  `remark` varchar(256) DEFAULT ' ' COMMENT 'å¤‡æ³¨',
  PRIMARY KEY (`id`)
) ENGINE=InnoDB AUTO_INCREMENT=5 DEFAULT CHARSET=utf8 COMMENT='åœ°å€';
/*!40101 SET character_set_client = @saved_cs_client */;

--
-- Dumping data for table `sys_address_fulladdress`
--

LOCK TABLES `sys_address_fulladdress` WRITE;
/*!40000 ALTER TABLE `sys_address_fulladdress` DISABLE KEYS */;
INSERT INTO `sys_address_fulladdress` VALUES (1,2,2,'æ™‹å®‰åŒº','350800',0,'2018-07-07 00:28:45',' ','2018-07-08 13:52:54','admin','1'),(3,4,3,'1123','3232',0,'2018-07-08 13:25:14','admin','2018-07-08 13:25:14',' ','3211');
/*!40000 ALTER TABLE `sys_address_fulladdress` ENABLE KEYS */;
UNLOCK TABLES;

--
-- Table structure for table `sys_cell_phone`
--

DROP TABLE IF EXISTS `sys_cell_phone`;
/*!40101 SET @saved_cs_client     = @@character_set_client */;
 SET character_set_client = utf8mb4 ;
CREATE TABLE `sys_cell_phone` (
  `id` int(11) NOT NULL AUTO_INCREMENT,
  `phone_code` varchar(45) DEFAULT '' COMMENT 'ç”µè¯åŒºå·',
  `phone_number` varchar(45) DEFAULT '' COMMENT 'ç”µè¯å·ç ',
  `country_id` int(11) DEFAULT '0' COMMENT 'å…³è”sys_countryè¡¨',
  `phone_type` int(11) DEFAULT '0' COMMENT 'å·ç çš„é‡è¦æ€§ï¼Œåˆ†ä¸º1.Priority 2.Regular 3.Temporary',
  `device_id` int(11) DEFAULT '0' COMMENT 'å…³è”çš„sys_deviceè¡¨',
  `usage_status` int(11) DEFAULT '0' COMMENT 'ä½¿ç”¨æƒ…å†µ 1.æœªä½¿ç”¨ 2. ä½¿ç”¨ä¸­',
  `create_by` varchar(45) DEFAULT '',
  `create_time` datetime DEFAULT CURRENT_TIMESTAMP,
  `update_by` varchar(45) DEFAULT '',
  `update_time` datetime DEFAULT NULL,
  PRIMARY KEY (`id`)
) ENGINE=InnoDB DEFAULT CHARSET=utf8 COMMENT='è”ç³»ç”µè¯';
/*!40101 SET character_set_client = @saved_cs_client */;

--
-- Dumping data for table `sys_cell_phone`
--

LOCK TABLES `sys_cell_phone` WRITE;
/*!40000 ALTER TABLE `sys_cell_phone` DISABLE KEYS */;
/*!40000 ALTER TABLE `sys_cell_phone` ENABLE KEYS */;
UNLOCK TABLES;

--
-- Table structure for table `sys_config`
--

DROP TABLE IF EXISTS `sys_config`;
/*!40101 SET @saved_cs_client     = @@character_set_client */;
 SET character_set_client = utf8mb4 ;
CREATE TABLE `sys_config` (
  `config_id` int(5) NOT NULL AUTO_INCREMENT COMMENT 'å‚æ•°ä¸»é”®',
  `config_name` varchar(100) DEFAULT '' COMMENT 'å‚æ•°åç§°',
  `config_key` varchar(100) DEFAULT '' COMMENT 'å‚æ•°é”®å',
  `config_value` varchar(100) DEFAULT '' COMMENT 'å‚æ•°é”®å€¼',
  `config_type` char(1) DEFAULT 'N' COMMENT 'ç³»ç»Ÿå†…ç½®ï¼ˆYæ˜¯ Nå¦ï¼‰',
  `create_by` varchar(64) DEFAULT '' COMMENT 'åˆ›å»ºè€…',
  `create_time` datetime DEFAULT NULL COMMENT 'åˆ›å»ºæ—¶é—´',
  `update_by` varchar(64) DEFAULT '' COMMENT 'æ›´æ–°è€…',
  `update_time` datetime DEFAULT NULL COMMENT 'æ›´æ–°æ—¶é—´',
  `remark` varchar(500) DEFAULT '' COMMENT 'å¤‡æ³¨',
  PRIMARY KEY (`config_id`)
) ENGINE=InnoDB AUTO_INCREMENT=100 DEFAULT CHARSET=utf8 COMMENT='å‚æ•°é…ç½®è¡¨';
/*!40101 SET character_set_client = @saved_cs_client */;

--
-- Dumping data for table `sys_config`
--

LOCK TABLES `sys_config` WRITE;
/*!40000 ALTER TABLE `sys_config` DISABLE KEYS */;
INSERT INTO `sys_config` VALUES (1,'ä¸»æ¡†æ¶é¡µ-é»˜è®¤çš®è‚¤æ ·å¼åç§°','sys.index.skinName','skin-default','Y','admin','2018-03-16 11:33:00','ry','2018-03-16 11:33:00','é»˜è®¤ skin-defaultã€è“è‰² skin-blueã€é»„è‰² skin-yellow'),(2,'ç”¨æˆ·ç®¡ç†-è´¦å·åˆå§‹å¯†ç ','sys.user.initPassword','123456','Y','admin','2018-03-16 11:33:00','ry','2018-03-16 11:33:00','åˆå§‹åŒ–å¯†ç  123456');
/*!40000 ALTER TABLE `sys_config` ENABLE KEYS */;
UNLOCK TABLES;

--
-- Table structure for table `sys_dept`
--

DROP TABLE IF EXISTS `sys_dept`;
/*!40101 SET @saved_cs_client     = @@character_set_client */;
 SET character_set_client = utf8mb4 ;
CREATE TABLE `sys_dept` (
  `dept_id` int(11) NOT NULL AUTO_INCREMENT COMMENT 'éƒ¨é—¨id',
  `parent_id` int(11) DEFAULT '0' COMMENT 'çˆ¶éƒ¨é—¨id',
  `dept_name` varchar(30) DEFAULT '' COMMENT 'éƒ¨é—¨åç§°',
  `order_num` int(4) DEFAULT '0' COMMENT 'æ˜¾ç¤ºé¡ºåº',
  `leader` varchar(20) DEFAULT '' COMMENT 'è´Ÿè´£äºº',
  `phone` varchar(11) DEFAULT '' COMMENT 'è”ç³»ç”µè¯',
  `email` varchar(50) DEFAULT '' COMMENT 'é‚®ç®±',
  `status` char(1) DEFAULT '0' COMMENT 'éƒ¨é—¨çŠ¶æ€ï¼ˆ0æ­£å¸¸ 1åœç”¨ï¼‰',
  `create_by` varchar(64) DEFAULT '' COMMENT 'åˆ›å»ºè€…',
  `create_time` datetime DEFAULT NULL COMMENT 'åˆ›å»ºæ—¶é—´',
  `update_by` varchar(64) DEFAULT '' COMMENT 'æ›´æ–°è€…',
  `update_time` datetime DEFAULT NULL COMMENT 'æ›´æ–°æ—¶é—´',
  PRIMARY KEY (`dept_id`)
) ENGINE=InnoDB AUTO_INCREMENT=200 DEFAULT CHARSET=utf8 COMMENT='éƒ¨é—¨è¡¨';
/*!40101 SET character_set_client = @saved_cs_client */;

--
-- Dumping data for table `sys_dept`
--

LOCK TABLES `sys_dept` WRITE;
/*!40000 ALTER TABLE `sys_dept` DISABLE KEYS */;
INSERT INTO `sys_dept` VALUES (100,0,'è‹¥ä¾é›†å›¢',0,'è‹¥ä¾','15888888888','ry@qq.com','0','admin','2018-03-16 11:33:00','ry','2018-03-16 11:33:00'),(101,100,'ç ”å‘éƒ¨é—¨',1,'è‹¥ä¾','15888888888','ry@qq.com','0','admin','2018-03-16 11:33:00','ry','2018-03-16 11:33:00'),(102,100,'å¸‚åœºéƒ¨é—¨',2,'è‹¥ä¾','15888888888','ry@qq.com','0','admin','2018-03-16 11:33:00','ry','2018-03-16 11:33:00'),(103,100,'æµ‹è¯•éƒ¨é—¨',3,'è‹¥ä¾','15888888888','ry@qq.com','0','admin','2018-03-16 11:33:00','ry','2018-03-16 11:33:00'),(104,100,'è´¢åŠ¡éƒ¨é—¨',4,'è‹¥ä¾','15888888888','ry@qq.com','0','admin','2018-03-16 11:33:00','ry','2018-03-16 11:33:00'),(105,100,'è¿ç»´éƒ¨é—¨',5,'è‹¥ä¾','15888888888','ry@qq.com','0','admin','2018-03-16 11:33:00','ry','2018-03-16 11:33:00'),(106,101,'ç ”å‘ä¸€éƒ¨',1,'è‹¥ä¾','15888888888','ry@qq.com','0','admin','2018-03-16 11:33:00','ry','2018-03-16 11:33:00'),(107,101,'ç ”å‘äºŒéƒ¨',2,'è‹¥ä¾','15888888888','ry@qq.com','0','admin','2018-03-16 11:33:00','ry','2018-03-16 11:33:00'),(108,102,'å¸‚åœºä¸€éƒ¨',1,'è‹¥ä¾','15888888888','ry@qq.com','0','admin','2018-03-16 11:33:00','ry','2018-03-16 11:33:00'),(109,102,'å¸‚åœºäºŒéƒ¨',2,'è‹¥ä¾','15888888888','ry@qq.com','1','admin','2018-03-16 11:33:00','ry','2018-03-16 11:33:00');
/*!40000 ALTER TABLE `sys_dept` ENABLE KEYS */;
UNLOCK TABLES;

--
-- Table structure for table `sys_device`
--

DROP TABLE IF EXISTS `sys_device`;
/*!40101 SET @saved_cs_client     = @@character_set_client */;
 SET character_set_client = utf8mb4 ;
CREATE TABLE `sys_device` (
  `id` int(11) NOT NULL AUTO_INCREMENT,
  `device_mark` varchar(45) DEFAULT NULL,
  `device_color` varchar(45) DEFAULT NULL,
  `serial_number` varchar(45) DEFAULT NULL,
  `usage_status` varchar(45) DEFAULT NULL,
  `create_time` datetime DEFAULT CURRENT_TIMESTAMP,
  `create_by` varchar(45) DEFAULT '',
  `update_time` datetime DEFAULT NULL,
  `update_by` varchar(45) DEFAULT '',
  `remark` varchar(255) DEFAULT '',
  PRIMARY KEY (`id`)
) ENGINE=InnoDB AUTO_INCREMENT=12 DEFAULT CHARSET=utf8 COMMENT='è®¾å¤‡ç®¡ç†';
/*!40101 SET character_set_client = @saved_cs_client */;

--
-- Dumping data for table `sys_device`
--

LOCK TABLES `sys_device` WRITE;
/*!40000 ALTER TABLE `sys_device` DISABLE KEYS */;
INSERT INTO `sys_device` VALUES (1,'å“ç‰Œ1','é¢œè‰²1','åºåˆ—å·1','1','2018-07-08 14:52:15','',NULL,'','1'),(2,'å“ç‰Œ2','12','åºåˆ—å·2','1','2018-07-08 15:23:46','',NULL,'','1'),(3,'å“ç‰Œ1','12','åºåˆ—å·3','1','2018-07-08 15:26:32','',NULL,'',''),(4,'å“ç‰Œ1','12','åºåˆ—å·4','1','2018-07-08 15:26:54','',NULL,'',''),(5,'å“ç‰Œ1','12','åºåˆ—å·5','1','2018-07-08 15:27:01','',NULL,'',''),(6,'å“ç‰Œ1','12','åºåˆ—å·6','1','2018-07-08 15:27:07','',NULL,'',''),(7,'å“ç‰Œ1','12','åºåˆ—å·7','2','2018-07-08 15:27:12','',NULL,'',''),(8,'å“ç‰Œ1','12','åºåˆ—å·8','2','2018-07-08 15:27:18','',NULL,'',''),(9,'å“ç‰Œ1','12','åºåˆ—å·9','1','2018-07-08 15:27:25','',NULL,'','1'),(10,'å“ç‰Œ1',NULL,'åºåˆ—å·10','1','2018-07-08 15:27:31','',NULL,'','a'),(11,'å“ç‰Œ1','12','åºåˆ—å·11','1','2018-07-08 15:27:39','',NULL,'','1');
/*!40000 ALTER TABLE `sys_device` ENABLE KEYS */;
UNLOCK TABLES;

--
-- Table structure for table `sys_dict_data`
--

DROP TABLE IF EXISTS `sys_dict_data`;
/*!40101 SET @saved_cs_client     = @@character_set_client */;
 SET character_set_client = utf8mb4 ;
CREATE TABLE `sys_dict_data` (
  `dict_code` int(11) NOT NULL AUTO_INCREMENT COMMENT 'å­—å…¸ç¼–ç ',
  `dict_sort` int(4) DEFAULT '0' COMMENT 'å­—å…¸æ’åº',
  `dict_label` varchar(100) DEFAULT '' COMMENT 'å­—å…¸æ ‡ç­¾',
  `dict_value` varchar(100) DEFAULT '' COMMENT 'å­—å…¸é”®å€¼',
  `dict_type` varchar(100) DEFAULT '' COMMENT 'å­—å…¸ç±»å‹',
  `css_class` varchar(500) DEFAULT '' COMMENT 'æ ·å¼å±æ€§',
  `is_default` char(1) DEFAULT 'N' COMMENT 'æ˜¯å¦é»˜è®¤ï¼ˆYæ˜¯ Nå¦ï¼‰',
  `status` char(1) DEFAULT '0' COMMENT 'çŠ¶æ€ï¼ˆ0æ­£å¸¸ 1åœç”¨ï¼‰',
  `create_by` varchar(64) DEFAULT '' COMMENT 'åˆ›å»ºè€…',
  `create_time` datetime DEFAULT NULL COMMENT 'åˆ›å»ºæ—¶é—´',
  `update_by` varchar(64) DEFAULT '' COMMENT 'æ›´æ–°è€…',
  `update_time` datetime DEFAULT NULL COMMENT 'æ›´æ–°æ—¶é—´',
  `remark` varchar(500) DEFAULT '' COMMENT 'å¤‡æ³¨',
  PRIMARY KEY (`dict_code`)
) ENGINE=InnoDB AUTO_INCREMENT=100 DEFAULT CHARSET=utf8 COMMENT='å­—å…¸æ•°æ®è¡¨';
/*!40101 SET character_set_client = @saved_cs_client */;

--
-- Dumping data for table `sys_dict_data`
--

LOCK TABLES `sys_dict_data` WRITE;
/*!40000 ALTER TABLE `sys_dict_data` DISABLE KEYS */;
INSERT INTO `sys_dict_data` VALUES (1,1,'ç”·','0','sys_user_sex','','Y','0','admin','2018-03-16 11:33:00','ry','2018-03-16 11:33:00','æ€§åˆ«ç”·'),(2,2,'å¥³','1','sys_user_sex','','N','0','admin','2018-03-16 11:33:00','ry','2018-03-16 11:33:00','æ€§åˆ«å¥³'),(3,3,'æœªçŸ¥','2','sys_user_sex','','N','0','admin','2018-03-16 11:33:00','ry','2018-03-16 11:33:00','æ€§åˆ«æœªçŸ¥'),(4,1,'æ˜¾ç¤º','0','sys_show_hide','radio radio-info radio-inline','Y','0','admin','2018-03-16 11:33:00','ry','2018-03-16 11:33:00','æ˜¾ç¤ºèœå•'),(5,2,'éšè—','1','sys_show_hide','radio radio-danger radio-inline','N','0','admin','2018-03-16 11:33:00','ry','2018-03-16 11:33:00','éšè—èœå•'),(6,1,'æ­£å¸¸','0','sys_normal_disable','radio radio-info radio-inline','Y','0','admin','2018-03-16 11:33:00','ry','2018-03-16 11:33:00','æ­£å¸¸çŠ¶æ€'),(7,2,'åœç”¨','1','sys_normal_disable','radio radio-danger radio-inline','N','0','admin','2018-03-16 11:33:00','ry','2018-03-16 11:33:00','åœç”¨çŠ¶æ€'),(8,1,'æ­£å¸¸','0','sys_job_status','radio radio-info radio-inline','Y','0','admin','2018-03-16 11:33:00','ry','2018-03-16 11:33:00','æ­£å¸¸çŠ¶æ€'),(9,2,'æš‚åœ','1','sys_job_status','radio radio-danger radio-inline','N','0','admin','2018-03-16 11:33:00','ry','2018-03-16 11:33:00','åœç”¨çŠ¶æ€'),(10,1,'æ˜¯','Y','sys_yes_no','radio radio-info radio-inline','Y','0','admin','2018-03-16 11:33:00','ry','2018-03-16 11:33:00','ç³»ç»Ÿé»˜è®¤æ˜¯'),(11,2,'å¦','N','sys_yes_no','radio radio-danger radio-inline','N','0','admin','2018-03-16 11:33:00','ry','2018-03-16 11:33:00','ç³»ç»Ÿé»˜è®¤å¦'),(12,1,'é€šçŸ¥','1','sys_notice_type','','Y','0','admin','2018-03-16 11:33:00','ry','2018-03-16 11:33:00','é€šçŸ¥'),(13,2,'å…¬å‘Š','2','sys_notice_type','','N','0','admin','2018-03-16 11:33:00','ry','2018-03-16 11:33:00','å…¬å‘Š'),(14,1,'æ­£å¸¸','0','sys_notice_status','radio radio-info radio-inline','Y','0','admin','2018-03-16 11:33:00','ry','2018-03-16 11:33:00','æ­£å¸¸çŠ¶æ€'),(15,2,'å…³é—­','1','sys_notice_status','radio radio-danger radio-inline','N','0','admin','2018-03-16 11:33:00','ry','2018-03-16 11:33:00','å…³é—­çŠ¶æ€'),(16,1,'æ–°å¢','1','sys_oper_type','','N','0','admin','2018-03-16 11:33:00','ry','2018-03-16 11:33:00','æ–°å¢æ“ä½œ'),(17,2,'ä¿®æ”¹','2','sys_oper_type','','N','0','admin','2018-03-16 11:33:00','ry','2018-03-16 11:33:00','æ–°å¢æ“ä½œ'),(18,3,'ä¿å­˜','3','sys_oper_type','','N','0','admin','2018-03-16 11:33:00','ry','2018-03-16 11:33:00','æ–°å¢æ“ä½œ'),(19,4,'åˆ é™¤','4','sys_oper_type','','N','0','admin','2018-03-16 11:33:00','ry','2018-03-16 11:33:00','æ–°å¢æ“ä½œ'),(20,5,'æˆæƒ','5','sys_oper_type','','N','0','admin','2018-03-16 11:33:00','ry','2018-03-16 11:33:00','æ–°å¢æ“ä½œ'),(21,6,'å¯¼å‡º','6','sys_oper_type','','N','0','admin','2018-03-16 11:33:00','ry','2018-03-16 11:33:00','æ–°å¢æ“ä½œ'),(22,7,'å¯¼å…¥','7','sys_oper_type','','N','0','admin','2018-03-16 11:33:00','ry','2018-03-16 11:33:00','æ–°å¢æ“ä½œ'),(23,8,'å¼ºé€€','8','sys_oper_type','','N','0','admin','2018-03-16 11:33:00','ry','2018-03-16 11:33:00','æ–°å¢æ“ä½œ'),(24,9,'ç¦æ­¢è®¿é—®','9','sys_oper_type','','N','0','admin','2018-03-16 11:33:00','ry','2018-03-16 11:33:00','æ–°å¢æ“ä½œ'),(25,10,'ç”Ÿæˆä»£ç ','10','sys_oper_type','','N','0','admin','2018-03-16 11:33:00','ry','2018-03-16 11:33:00','æ–°å¢æ“ä½œ'),(26,1,'æˆåŠŸ','0','sys_common_status','','N','0','admin','2018-03-16 11:33:00','ry','2018-03-16 11:33:00','æ­£å¸¸çŠ¶æ€'),(27,2,'å¤±è´¥','1','sys_common_status','','N','0','admin','2018-03-16 11:33:00','ry','2018-03-16 11:33:00','åœç”¨çŠ¶æ€');
/*!40000 ALTER TABLE `sys_dict_data` ENABLE KEYS */;
UNLOCK TABLES;

--
-- Table structure for table `sys_dict_type`
--

DROP TABLE IF EXISTS `sys_dict_type`;
/*!40101 SET @saved_cs_client     = @@character_set_client */;
 SET character_set_client = utf8mb4 ;
CREATE TABLE `sys_dict_type` (
  `dict_id` int(11) NOT NULL AUTO_INCREMENT COMMENT 'å­—å…¸ä¸»é”®',
  `dict_name` varchar(100) DEFAULT '' COMMENT 'å­—å…¸åç§°',
  `dict_type` varchar(100) DEFAULT '' COMMENT 'å­—å…¸ç±»å‹',
  `status` char(1) DEFAULT '0' COMMENT 'çŠ¶æ€ï¼ˆ0æ­£å¸¸ 1åœç”¨ï¼‰',
  `create_by` varchar(64) DEFAULT '' COMMENT 'åˆ›å»ºè€…',
  `create_time` datetime DEFAULT NULL COMMENT 'åˆ›å»ºæ—¶é—´',
  `update_by` varchar(64) DEFAULT '' COMMENT 'æ›´æ–°è€…',
  `update_time` datetime DEFAULT NULL COMMENT 'æ›´æ–°æ—¶é—´',
  `remark` varchar(500) DEFAULT '' COMMENT 'å¤‡æ³¨',
  PRIMARY KEY (`dict_id`),
  UNIQUE KEY `dict_type` (`dict_type`)
) ENGINE=InnoDB AUTO_INCREMENT=100 DEFAULT CHARSET=utf8 COMMENT='å­—å…¸ç±»å‹è¡¨';
/*!40101 SET character_set_client = @saved_cs_client */;

--
-- Dumping data for table `sys_dict_type`
--

LOCK TABLES `sys_dict_type` WRITE;
/*!40000 ALTER TABLE `sys_dict_type` DISABLE KEYS */;
INSERT INTO `sys_dict_type` VALUES (1,'ç”¨æˆ·æ€§åˆ«','sys_user_sex','0','admin','2018-03-16 11:33:00','ry','2018-03-16 11:33:00','ç”¨æˆ·æ€§åˆ«åˆ—è¡¨'),(2,'èœå•çŠ¶æ€','sys_show_hide','0','admin','2018-03-16 11:33:00','ry','2018-03-16 11:33:00','èœå•çŠ¶æ€åˆ—è¡¨'),(3,'ç³»ç»Ÿå¼€å…³','sys_normal_disable','0','admin','2018-03-16 11:33:00','ry','2018-03-16 11:33:00','ç³»ç»Ÿå¼€å…³åˆ—è¡¨'),(4,'ä»»åŠ¡çŠ¶æ€','sys_job_status','0','admin','2018-03-16 11:33:00','ry','2018-03-16 11:33:00','ä»»åŠ¡çŠ¶æ€åˆ—è¡¨'),(5,'ç³»ç»Ÿæ˜¯å¦','sys_yes_no','0','admin','2018-03-16 11:33:00','ry','2018-03-16 11:33:00','ç³»ç»Ÿæ˜¯å¦åˆ—è¡¨'),(6,'é€šçŸ¥ç±»å‹','sys_notice_type','0','admin','2018-03-16 11:33:00','ry','2018-03-16 11:33:00','é€šçŸ¥ç±»å‹åˆ—è¡¨'),(7,'é€šçŸ¥çŠ¶æ€','sys_notice_status','0','admin','2018-03-16 11:33:00','ry','2018-03-16 11:33:00','é€šçŸ¥çŠ¶æ€åˆ—è¡¨'),(8,'æ“ä½œç±»å‹','sys_oper_type','0','admin','2018-03-16 11:33:00','ry','2018-03-16 11:33:00','æ“ä½œç±»å‹åˆ—è¡¨'),(9,'ç³»ç»ŸçŠ¶æ€','sys_common_status','0','admin','2018-03-16 11:33:00','ry','2018-03-16 11:33:00','ç™»å½•çŠ¶æ€åˆ—è¡¨');
/*!40000 ALTER TABLE `sys_dict_type` ENABLE KEYS */;
UNLOCK TABLES;

--
-- Table structure for table `sys_job`
--

DROP TABLE IF EXISTS `sys_job`;
/*!40101 SET @saved_cs_client     = @@character_set_client */;
 SET character_set_client = utf8mb4 ;
CREATE TABLE `sys_job` (
  `job_id` int(11) NOT NULL AUTO_INCREMENT COMMENT 'ä»»åŠ¡ID',
  `job_name` varchar(64) NOT NULL DEFAULT '' COMMENT 'ä»»åŠ¡åç§°',
  `job_group` varchar(64) NOT NULL DEFAULT '' COMMENT 'ä»»åŠ¡ç»„å',
  `method_name` varchar(500) DEFAULT '' COMMENT 'ä»»åŠ¡æ–¹æ³•',
  `params` varchar(200) DEFAULT '' COMMENT 'æ–¹æ³•å‚æ•°',
  `cron_expression` varchar(255) DEFAULT '' COMMENT 'cronæ‰§è¡Œè¡¨è¾¾å¼',
  `status` char(1) DEFAULT '0' COMMENT 'çŠ¶æ€ï¼ˆ0æ­£å¸¸ 1æš‚åœï¼‰',
  `create_by` varchar(64) DEFAULT '' COMMENT 'åˆ›å»ºè€…',
  `create_time` datetime DEFAULT NULL COMMENT 'åˆ›å»ºæ—¶é—´',
  `update_by` varchar(64) DEFAULT '' COMMENT 'æ›´æ–°è€…',
  `update_time` datetime DEFAULT NULL COMMENT 'æ›´æ–°æ—¶é—´',
  `remark` varchar(500) DEFAULT '' COMMENT 'å¤‡æ³¨ä¿¡æ¯',
  PRIMARY KEY (`job_id`,`job_name`,`job_group`)
) ENGINE=InnoDB AUTO_INCREMENT=100 DEFAULT CHARSET=utf8 COMMENT='å®šæ—¶ä»»åŠ¡è°ƒåº¦è¡¨';
/*!40101 SET character_set_client = @saved_cs_client */;

--
-- Dumping data for table `sys_job`
--

LOCK TABLES `sys_job` WRITE;
/*!40000 ALTER TABLE `sys_job` DISABLE KEYS */;
INSERT INTO `sys_job` VALUES (1,'ryTask','ç³»ç»Ÿé»˜è®¤ï¼ˆæ— å‚ï¼‰','ryNoParams','','0/10 * * * * ?','1','admin','2018-03-16 11:33:00','ry','2018-03-16 11:33:00',''),(2,'ryTask','ç³»ç»Ÿé»˜è®¤ï¼ˆæœ‰å‚ï¼‰','ryParams','ry','0/20 * * * * ?','1','admin','2018-03-16 11:33:00','ry','2018-03-16 11:33:00','');
/*!40000 ALTER TABLE `sys_job` ENABLE KEYS */;
UNLOCK TABLES;

--
-- Table structure for table `sys_job_log`
--

DROP TABLE IF EXISTS `sys_job_log`;
/*!40101 SET @saved_cs_client     = @@character_set_client */;
 SET character_set_client = utf8mb4 ;
CREATE TABLE `sys_job_log` (
  `job_log_id` int(11) NOT NULL AUTO_INCREMENT COMMENT 'ä»»åŠ¡æ—¥å¿—ID',
  `job_name` varchar(64) NOT NULL COMMENT 'ä»»åŠ¡åç§°',
  `job_group` varchar(64) NOT NULL COMMENT 'ä»»åŠ¡ç»„å',
  `method_name` varchar(500) DEFAULT NULL COMMENT 'ä»»åŠ¡æ–¹æ³•',
  `params` varchar(200) DEFAULT '' COMMENT 'æ–¹æ³•å‚æ•°',
  `job_message` varchar(500) DEFAULT NULL COMMENT 'æ—¥å¿—ä¿¡æ¯',
  `status` char(1) DEFAULT '0' COMMENT 'æ‰§è¡ŒçŠ¶æ€ï¼ˆ0æ­£å¸¸ 1å¤±è´¥ï¼‰',
  `exception_info` text COMMENT 'å¼‚å¸¸ä¿¡æ¯',
  `create_time` datetime DEFAULT NULL COMMENT 'åˆ›å»ºæ—¶é—´',
  PRIMARY KEY (`job_log_id`)
) ENGINE=InnoDB DEFAULT CHARSET=utf8 COMMENT='å®šæ—¶ä»»åŠ¡è°ƒåº¦æ—¥å¿—è¡¨';
/*!40101 SET character_set_client = @saved_cs_client */;

--
-- Dumping data for table `sys_job_log`
--

LOCK TABLES `sys_job_log` WRITE;
/*!40000 ALTER TABLE `sys_job_log` DISABLE KEYS */;
/*!40000 ALTER TABLE `sys_job_log` ENABLE KEYS */;
UNLOCK TABLES;

--
-- Table structure for table `sys_logininfor`
--

DROP TABLE IF EXISTS `sys_logininfor`;
/*!40101 SET @saved_cs_client     = @@character_set_client */;
 SET character_set_client = utf8mb4 ;
CREATE TABLE `sys_logininfor` (
  `info_id` int(11) NOT NULL AUTO_INCREMENT COMMENT 'è®¿é—®ID',
  `login_name` varchar(50) DEFAULT '' COMMENT 'ç™»å½•è´¦å·',
  `ipaddr` varchar(50) DEFAULT '' COMMENT 'ç™»å½•IPåœ°å€',
  `login_location` varchar(255) DEFAULT '' COMMENT 'ç™»å½•åœ°ç‚¹',
  `browser` varchar(50) DEFAULT '' COMMENT 'æµè§ˆå™¨ç±»å‹',
  `os` varchar(50) DEFAULT '' COMMENT 'æ“ä½œç³»ç»Ÿ',
  `status` char(1) DEFAULT '0' COMMENT 'ç™»å½•çŠ¶æ€ï¼ˆ0æˆåŠŸ 1å¤±è´¥ï¼‰',
  `msg` varchar(255) DEFAULT '' COMMENT 'æç¤ºæ¶ˆæ¯',
  `login_time` datetime DEFAULT NULL COMMENT 'è®¿é—®æ—¶é—´',
  PRIMARY KEY (`info_id`)
) ENGINE=InnoDB AUTO_INCREMENT=108 DEFAULT CHARSET=utf8 COMMENT='ç³»ç»Ÿè®¿é—®è®°å½•';
/*!40101 SET character_set_client = @saved_cs_client */;

--
-- Dumping data for table `sys_logininfor`
--

LOCK TABLES `sys_logininfor` WRITE;
/*!40000 ALTER TABLE `sys_logininfor` DISABLE KEYS */;
INSERT INTO `sys_logininfor` VALUES (100,'admin','127.0.0.1','XX å†…ç½‘IP','Chrome','Windows 10','0','ç™»å½•æˆåŠŸ','2018-07-09 09:48:10'),(101,'admin','127.0.0.1','XX å†…ç½‘IP','Chrome','Windows 10','0','é€€å‡ºæˆåŠŸ','2018-07-09 09:50:39'),(102,'admin','127.0.0.1',NULL,'Chrome','Windows 10','0','ç™»å½•æˆåŠŸ','2018-07-10 15:31:18'),(103,'admin','127.0.0.1','XX å†…ç½‘IP','Chrome','Windows 10','0','ç™»å½•æˆåŠŸ','2018-07-10 15:38:40'),(104,'admin','127.0.0.1',NULL,'Chrome','Windows 10','0','ç™»å½•æˆåŠŸ','2018-07-10 15:40:36'),(105,'admin','127.0.0.1','XX å†…ç½‘IP','Chrome','Windows 10','0','ç™»å½•æˆåŠŸ','2018-07-10 16:43:22'),(106,'admin','127.0.0.1','XX å†…ç½‘IP','Chrome','Windows 10','0','ç™»å½•æˆåŠŸ','2018-07-10 16:55:05'),(107,'admin','127.0.0.1','XX å†…ç½‘IP','Chrome','Windows 10','0','ç™»å½•æˆåŠŸ','2018-07-10 16:56:15');
/*!40000 ALTER TABLE `sys_logininfor` ENABLE KEYS */;
UNLOCK TABLES;

--
-- Table structure for table `sys_mail`
--

DROP TABLE IF EXISTS `sys_mail`;
/*!40101 SET @saved_cs_client     = @@character_set_client */;
 SET character_set_client = utf8mb4 ;
CREATE TABLE `sys_mail` (
  `id` int(11) NOT NULL AUTO_INCREMENT,
  `mail_address` varchar(45) DEFAULT NULL COMMENT 'é–­î†¾î†ˆé¦æ¿æ½ƒ',
  `mail_backup` varchar(45) DEFAULT NULL COMMENT 'æ¾¶å›©æ•¤é–­î†¾î†ˆ',
  `cell_phone` varchar(45) DEFAULT NULL COMMENT 'é‘±æ—‚éƒ´é¢ä½ƒç˜½',
  `usage_status` int(11) DEFAULT '1',
  `create_by` varchar(45) DEFAULT '',
  `create_time` datetime DEFAULT CURRENT_TIMESTAMP,
  `update_by` varchar(45) DEFAULT '',
  `update_time` datetime DEFAULT NULL,
  `remark` varchar(255) DEFAULT NULL,
  PRIMARY KEY (`id`)
) ENGINE=InnoDB AUTO_INCREMENT=3 DEFAULT CHARSET=utf8 COMMENT='é–­î†¾î†ˆç» ï¼„æ‚Š	';
/*!40101 SET character_set_client = @saved_cs_client */;

--
-- Dumping data for table `sys_mail`
--

LOCK TABLES `sys_mail` WRITE;
/*!40000 ALTER TABLE `sys_mail` DISABLE KEYS */;
INSERT INTO `sys_mail` VALUES (1,'211','22','22',1,'','2018-07-08 22:15:43','',NULL,'33'),(2,'1','3','2',1,'','2018-07-08 22:18:59','',NULL,'4');
/*!40000 ALTER TABLE `sys_mail` ENABLE KEYS */;
UNLOCK TABLES;

--
-- Table structure for table `sys_menu`
--

DROP TABLE IF EXISTS `sys_menu`;
/*!40101 SET @saved_cs_client     = @@character_set_client */;
 SET character_set_client = utf8mb4 ;
CREATE TABLE `sys_menu` (
  `menu_id` int(11) NOT NULL AUTO_INCREMENT COMMENT 'èœå•ID',
  `menu_name` varchar(50) NOT NULL COMMENT 'èœå•åç§°',
  `parent_id` int(11) DEFAULT '0' COMMENT 'çˆ¶èœå•ID',
  `order_num` int(4) DEFAULT NULL COMMENT 'æ˜¾ç¤ºé¡ºåº',
  `url` varchar(200) DEFAULT '' COMMENT 'è¯·æ±‚åœ°å€',
  `menu_type` char(1) DEFAULT '' COMMENT 'èœå•ç±»å‹ï¼ˆMç›®å½• Cèœå• FæŒ‰é’®ï¼‰',
  `visible` char(1) DEFAULT '0' COMMENT 'èœå•çŠ¶æ€ï¼ˆ0æ˜¾ç¤º 1éšè—ï¼‰',
  `perms` varchar(100) DEFAULT '' COMMENT 'æƒé™æ ‡è¯†',
  `icon` varchar(100) DEFAULT '' COMMENT 'èœå•å›¾æ ‡',
  `create_by` varchar(64) DEFAULT '' COMMENT 'åˆ›å»ºè€…',
  `create_time` datetime DEFAULT NULL COMMENT 'åˆ›å»ºæ—¶é—´',
  `update_by` varchar(64) DEFAULT '' COMMENT 'æ›´æ–°è€…',
  `update_time` datetime DEFAULT NULL COMMENT 'æ›´æ–°æ—¶é—´',
  `remark` varchar(500) DEFAULT '' COMMENT 'å¤‡æ³¨',
  PRIMARY KEY (`menu_id`)
) ENGINE=InnoDB AUTO_INCREMENT=2043 DEFAULT CHARSET=utf8 COMMENT='èœå•æƒé™è¡¨';
/*!40101 SET character_set_client = @saved_cs_client */;

--
-- Dumping data for table `sys_menu`
--

LOCK TABLES `sys_menu` WRITE;
/*!40000 ALTER TABLE `sys_menu` DISABLE KEYS */;
INSERT INTO `sys_menu` VALUES (1,'ç³»ç»Ÿç®¡ç†',0,1,'#','M','0','','fa fa-gear','admin','2018-03-16 11:33:00','ry','2018-03-16 11:33:00','ç³»ç»Ÿç®¡ç†ç›®å½•'),(2,'ç³»ç»Ÿç›‘æ§',0,2,'#','M','0','','fa fa-video-camera','admin','2018-03-16 11:33:00','ry','2018-03-16 11:33:00','ç³»ç»Ÿç›‘æ§ç›®å½•'),(3,'ç³»ç»Ÿå·¥å…·',0,3,'#','M','0','','fa fa-bars','admin','2018-03-16 11:33:00','ry','2018-03-16 11:33:00','ç³»ç»Ÿå·¥å…·ç›®å½•'),(4,'èµ„æºç®¡ç†',0,3,'#','M','0','','fa fa-bank','admin','2018-03-16 11:33:00','admin','2018-07-02 15:02:05','èµ„æºç®¡ç†'),(100,'ç”¨æˆ·ç®¡ç†',1,1,'/system/user','C','0','system:user:view','#','admin','2018-03-16 11:33:00','ry','2018-03-16 11:33:00','ç”¨æˆ·ç®¡ç†èœå•'),(101,'è§’è‰²ç®¡ç†',1,2,'/system/role','C','0','system:role:view','#','admin','2018-03-16 11:33:00','ry','2018-03-16 11:33:00','è§’è‰²ç®¡ç†èœå•'),(102,'èœå•ç®¡ç†',1,3,'/system/menu','C','0','system:menu:view','#','admin','2018-03-16 11:33:00','ry','2018-03-16 11:33:00','èœå•ç®¡ç†èœå•'),(103,'éƒ¨é—¨ç®¡ç†',1,4,'/system/dept','C','0','system:dept:view','#','admin','2018-03-16 11:33:00','ry','2018-03-16 11:33:00','éƒ¨é—¨ç®¡ç†èœå•'),(104,'å²—ä½ç®¡ç†',1,5,'/system/post','C','0','system:post:view','#','admin','2018-03-16 11:33:00','ry','2018-03-16 11:33:00','å²—ä½ç®¡ç†èœå•'),(105,'å­—å…¸ç®¡ç†',1,6,'/system/dict','C','0','system:dict:view','#','admin','2018-03-16 11:33:00','ry','2018-03-16 11:33:00','å­—å…¸ç®¡ç†èœå•'),(106,'å‚æ•°è®¾ç½®',1,7,'/system/config','C','0','system:config:view','#','admin','2018-03-16 11:33:00','ry','2018-03-16 11:33:00','å‚æ•°è®¾ç½®èœå•'),(107,'é€šçŸ¥å…¬å‘Š',1,8,'/system/notice','C','0','system:notice:view','#','admin','2018-03-16 11:33:00','ry','2018-03-16 11:33:00','é€šçŸ¥å…¬å‘Šèœå•'),(108,'æ—¥å¿—ç®¡ç†',1,9,'#','M','0','','#','admin','2018-03-16 11:33:00','ry','2018-03-16 11:33:00','æ—¥å¿—ç®¡ç†èœå•'),(109,'åœ¨çº¿ç”¨æˆ·',2,1,'/monitor/online','C','0','monitor:online:view','#','admin','2018-03-16 11:33:00','ry','2018-03-16 11:33:00','åœ¨çº¿ç”¨æˆ·èœå•'),(110,'å®šæ—¶ä»»åŠ¡',2,2,'/monitor/job','C','0','monitor:job:view','#','admin','2018-03-16 11:33:00','ry','2018-03-16 11:33:00','å®šæ—¶ä»»åŠ¡èœå•'),(111,'æ•°æ®ç›‘æ§',2,3,'/monitor/data','C','0','monitor:data:view','#','admin','2018-03-16 11:33:00','ry','2018-03-16 11:33:00','æ•°æ®ç›‘æ§èœå•'),(112,'è¡¨å•æ„å»º',3,1,'/tool/build','C','0','tool:build:view','#','admin','2018-03-16 11:33:00','ry','2018-03-16 11:33:00','è¡¨å•æ„å»ºèœå•'),(113,'ä»£ç ç”Ÿæˆ',3,2,'/tool/gen','C','0','tool:gen:view','#','admin','2018-03-16 11:33:00','ry','2018-03-16 11:33:00','ä»£ç ç”Ÿæˆèœå•'),(114,'ç³»ç»Ÿæ¥å£',3,3,'/tool/swagger','C','0','tool:swagger:view','#','admin','2018-03-16 11:33:00','ry','2018-03-16 11:33:00','ç³»ç»Ÿæ¥å£èœå•'),(500,'æ“ä½œæ—¥å¿—',108,1,'/monitor/operlog','C','0','monitor:operlog:view','#','admin','2018-03-16 11:33:00','ry','2018-03-16 11:33:00','æ“ä½œæ—¥å¿—èœå•'),(501,'ç™»å½•æ—¥å¿—',108,2,'/monitor/logininfor','C','0','monitor:logininfor:view','#','admin','2018-03-16 11:33:00','ry','2018-03-16 11:33:00','ç™»å½•æ—¥å¿—èœå•'),(1000,'ç”¨æˆ·æŸ¥è¯¢',100,1,'#','F','0','system:user:list','#','admin','2018-03-16 11:33:00','ry','2018-03-16 11:33:00',''),(1001,'ç”¨æˆ·æ–°å¢',100,2,'#','F','0','system:user:add','#','admin','2018-03-16 11:33:00','ry','2018-03-16 11:33:00',''),(1002,'ç”¨æˆ·ä¿®æ”¹',100,3,'#','F','0','system:user:edit','#','admin','2018-03-16 11:33:00','ry','2018-03-16 11:33:00',''),(1003,'ç”¨æˆ·åˆ é™¤',100,4,'#','F','0','system:user:remove','#','admin','2018-03-16 11:33:00','ry','2018-03-16 11:33:00',''),(1004,'ç”¨æˆ·ä¿å­˜',100,5,'#','F','0','system:user:save','#','admin','2018-03-16 11:33:00','ry','2018-03-16 11:33:00',''),(1005,'é‡ç½®å¯†ç ',100,6,'#','F','0','system:user:resetPwd','#','admin','2018-03-16 11:33:00','ry','2018-03-16 11:33:00',''),(1006,'è§’è‰²æŸ¥è¯¢',101,1,'#','F','0','system:role:list','#','admin','2018-03-16 11:33:00','ry','2018-03-16 11:33:00',''),(1007,'è§’è‰²æ–°å¢',101,2,'#','F','0','system:role:add','#','admin','2018-03-16 11:33:00','ry','2018-03-16 11:33:00',''),(1008,'è§’è‰²ä¿®æ”¹',101,3,'#','F','0','system:role:edit','#','admin','2018-03-16 11:33:00','ry','2018-03-16 11:33:00',''),(1009,'è§’è‰²åˆ é™¤',101,4,'#','F','0','system:role:remove','#','admin','2018-03-16 11:33:00','ry','2018-03-16 11:33:00',''),(1010,'è§’è‰²ä¿å­˜',101,5,'#','F','0','system:role:save','#','admin','2018-03-16 11:33:00','ry','2018-03-16 11:33:00',''),(1011,'èœå•æŸ¥è¯¢',102,1,'#','F','0','system:menu:list','#','admin','2018-03-16 11:33:00','ry','2018-03-16 11:33:00',''),(1012,'èœå•æ–°å¢',102,2,'#','F','0','system:menu:add','#','admin','2018-03-16 11:33:00','ry','2018-03-16 11:33:00',''),(1013,'èœå•ä¿®æ”¹',102,3,'#','F','0','system:menu:edit','#','admin','2018-03-16 11:33:00','ry','2018-03-16 11:33:00',''),(1014,'èœå•åˆ é™¤',102,4,'#','F','0','system:menu:remove','#','admin','2018-03-16 11:33:00','ry','2018-03-16 11:33:00',''),(1015,'èœå•ä¿å­˜',102,5,'#','F','0','system:menu:save','#','admin','2018-03-16 11:33:00','ry','2018-03-16 11:33:00',''),(1016,'éƒ¨é—¨æŸ¥è¯¢',103,1,'#','F','0','system:dept:list','#','admin','2018-03-16 11:33:00','ry','2018-03-16 11:33:00',''),(1017,'éƒ¨é—¨æ–°å¢',103,2,'#','F','0','system:dept:add','#','admin','2018-03-16 11:33:00','ry','2018-03-16 11:33:00',''),(1018,'éƒ¨é—¨ä¿®æ”¹',103,3,'#','F','0','system:dept:edit','#','admin','2018-03-16 11:33:00','ry','2018-03-16 11:33:00',''),(1019,'éƒ¨é—¨åˆ é™¤',103,4,'#','F','0','system:dept:remove','#','admin','2018-03-16 11:33:00','ry','2018-03-16 11:33:00',''),(1020,'éƒ¨é—¨ä¿å­˜',103,5,'#','F','0','system:dept:save','#','admin','2018-03-16 11:33:00','ry','2018-03-16 11:33:00',''),(1021,'å²—ä½æŸ¥è¯¢',104,1,'#','F','0','system:post:list','#','admin','2018-03-16 11:33:00','ry','2018-03-16 11:33:00',''),(1022,'å²—ä½æ–°å¢',104,2,'#','F','0','system:post:add','#','admin','2018-03-16 11:33:00','ry','2018-03-16 11:33:00',''),(1023,'å²—ä½ä¿®æ”¹',104,3,'#','F','0','system:post:edit','#','admin','2018-03-16 11:33:00','ry','2018-03-16 11:33:00',''),(1024,'å²—ä½åˆ é™¤',104,4,'#','F','0','system:post:remove','#','admin','2018-03-16 11:33:00','ry','2018-03-16 11:33:00',''),(1025,'å²—ä½ä¿å­˜',104,5,'#','F','0','system:post:save','#','admin','2018-03-16 11:33:00','ry','2018-03-16 11:33:00',''),(1026,'å­—å…¸æŸ¥è¯¢',105,1,'#','F','0','system:dict:list','#','admin','2018-03-16 11:33:00','ry','2018-03-16 11:33:00',''),(1027,'å­—å…¸æ–°å¢',105,2,'#','F','0','system:dict:add','#','admin','2018-03-16 11:33:00','ry','2018-03-16 11:33:00',''),(1028,'å­—å…¸ä¿®æ”¹',105,3,'#','F','0','system:dict:edit','#','admin','2018-03-16 11:33:00','ry','2018-03-16 11:33:00',''),(1029,'å­—å…¸åˆ é™¤',105,4,'#','F','0','system:dict:remove','#','admin','2018-03-16 11:33:00','ry','2018-03-16 11:33:00',''),(1030,'å­—å…¸ä¿å­˜',105,5,'#','F','0','system:dict:save','#','admin','2018-03-16 11:33:00','ry','2018-03-16 11:33:00',''),(1031,'å‚æ•°æŸ¥è¯¢',106,1,'#','F','0','system:config:list','#','admin','2018-03-16 11:33:00','ry','2018-03-16 11:33:00',''),(1032,'å‚æ•°æ–°å¢',106,2,'#','F','0','system:config:add','#','admin','2018-03-16 11:33:00','ry','2018-03-16 11:33:00',''),(1033,'å‚æ•°ä¿®æ”¹',106,3,'#','F','0','system:config:edit','#','admin','2018-03-16 11:33:00','ry','2018-03-16 11:33:00',''),(1034,'å‚æ•°åˆ é™¤',106,4,'#','F','0','system:config:remove','#','admin','2018-03-16 11:33:00','ry','2018-03-16 11:33:00',''),(1035,'å‚æ•°ä¿å­˜',106,5,'#','F','0','system:config:save','#','admin','2018-03-16 11:33:00','ry','2018-03-16 11:33:00',''),(1036,'å…¬å‘ŠæŸ¥è¯¢',107,1,'#','F','0','system:notice:list','#','admin','2018-03-16 11:33:00','ry','2018-03-16 11:33:00',''),(1037,'å…¬å‘Šæ–°å¢',107,2,'#','F','0','system:notice:add','#','admin','2018-03-16 11:33:00','ry','2018-03-16 11:33:00',''),(1038,'å…¬å‘Šä¿®æ”¹',107,3,'#','F','0','system:notice:edit','#','admin','2018-03-16 11:33:00','ry','2018-03-16 11:33:00',''),(1039,'å…¬å‘Šåˆ é™¤',107,4,'#','F','0','system:notice:remove','#','admin','2018-03-16 11:33:00','ry','2018-03-16 11:33:00',''),(1040,'å…¬å‘Šä¿å­˜',107,5,'#','F','0','system:notice:save','#','admin','2018-03-16 11:33:00','ry','2018-03-16 11:33:00',''),(1041,'æ“ä½œæŸ¥è¯¢',500,1,'#','F','0','monitor:operlog:list','#','admin','2018-03-16 11:33:00','ry','2018-03-16 11:33:00',''),(1042,'æ“ä½œåˆ é™¤',500,2,'#','F','0','monitor:operlog:remove','#','admin','2018-03-16 11:33:00','ry','2018-03-16 11:33:00',''),(1043,'è¯¦ç»†ä¿¡æ¯',500,3,'#','F','0','monitor:operlog:detail','#','admin','2018-03-16 11:33:00','ry','2018-03-16 11:33:00',''),(1044,'ç™»å½•æŸ¥è¯¢',501,1,'#','F','0','monitor:logininfor:list','#','admin','2018-03-16 11:33:00','ry','2018-03-16 11:33:00',''),(1045,'ç™»å½•åˆ é™¤',501,2,'#','F','0','monitor:logininfor:remove','#','admin','2018-03-16 11:33:00','ry','2018-03-16 11:33:00',''),(1046,'åœ¨çº¿æŸ¥è¯¢',109,1,'#','F','0','monitor:online:list','#','admin','2018-03-16 11:33:00','ry','2018-03-16 11:33:00',''),(1047,'æ‰¹é‡å¼ºé€€',109,2,'#','F','0','monitor:online:batchForceLogout','#','admin','2018-03-16 11:33:00','ry','2018-03-16 11:33:00',''),(1048,'å•æ¡å¼ºé€€',109,3,'#','F','0','monitor:online:forceLogout','#','admin','2018-03-16 11:33:00','ry','2018-03-16 11:33:00',''),(1049,'ä»»åŠ¡æŸ¥è¯¢',110,1,'#','F','0','monitor:job:list','#','admin','2018-03-16 11:33:00','ry','2018-03-16 11:33:00',''),(1050,'ä»»åŠ¡æ–°å¢',110,2,'#','F','0','monitor:job:add','#','admin','2018-03-16 11:33:00','ry','2018-03-16 11:33:00',''),(1051,'ä»»åŠ¡ä¿®æ”¹',110,3,'#','F','0','monitor:job:edit','#','admin','2018-03-16 11:33:00','ry','2018-03-16 11:33:00',''),(1052,'ä»»åŠ¡åˆ é™¤',110,4,'#','F','0','monitor:job:remove','#','admin','2018-03-16 11:33:00','ry','2018-03-16 11:33:00',''),(1053,'ä»»åŠ¡ä¿å­˜',110,5,'#','F','0','monitor:job:save','#','admin','2018-03-16 11:33:00','ry','2018-03-16 11:33:00',''),(1054,'çŠ¶æ€ä¿®æ”¹',110,6,'#','F','0','monitor:job:changeStatus','#','admin','2018-03-16 11:33:00','ry','2018-03-16 11:33:00',''),(1055,'ç”ŸæˆæŸ¥è¯¢',113,1,'#','F','0','tool:gen:list','#','admin','2018-03-16 11:33:00','ry','2018-03-16 11:33:00',''),(1056,'ç”Ÿæˆä»£ç ',113,2,'#','F','0','tool:gen:code','#','admin','2018-03-16 11:33:00','ry','2018-03-16 11:33:00',''),(2000,'åœ°å€ç®¡ç†',4,1,'/module/address','C','0','module:address:view','fa fa-database','admin','2018-07-02 20:12:25','admin','2018-07-02 20:12:59',''),(2001,'å›½å®¶ç®¡ç†',2000,1,'/module/address/country','F','0','module:country:view','fa fa-database','admin','2018-07-02 20:12:25','admin','2018-07-02 21:38:26',''),(2007,'å›½å®¶æŸ¥è¯¢',2001,1,'#','F','0','module:country:list','#','admin','2018-03-01 00:00:00','ry','2018-03-01 00:00:00',''),(2008,'å›½å®¶æ–°å¢',2001,2,'#','F','0','module:country:add','#','admin','2018-03-01 00:00:00','ry','2018-03-01 00:00:00',''),(2009,'å›½å®¶ä¿®æ”¹',2001,3,'#','F','0','module:country:edit','#','admin','2018-03-01 00:00:00','ry','2018-03-01 00:00:00',''),(2010,'å›½å®¶åˆ é™¤',2001,4,'#','F','0','module:country:remove','#','admin','2018-03-01 00:00:00','ry','2018-03-01 00:00:00',''),(2011,'å›½å®¶ä¿å­˜',2001,5,'#','F','0','module:country:save','#','admin','2018-03-01 00:00:00','ry','2018-03-01 00:00:00',''),(2012,'åŸå¸‚',2000,1,'/module/city','F','0','module:city:view','#','admin','2018-03-01 00:00:00','admin','2018-07-09 09:49:17','åŸå¸‚èœå•'),(2013,'åŸå¸‚æŸ¥è¯¢',2012,1,'#','F','0','module:city:list','#','admin','2018-03-01 00:00:00','ry','2018-03-01 00:00:00',''),(2014,'åŸå¸‚æ–°å¢',2012,2,'#','F','0','module:city:add','#','admin','2018-03-01 00:00:00','ry','2018-03-01 00:00:00',''),(2015,'åŸå¸‚ä¿®æ”¹',2012,3,'#','F','0','module:city:edit','#','admin','2018-03-01 00:00:00','ry','2018-03-01 00:00:00',''),(2016,'åŸå¸‚åˆ é™¤',2012,4,'#','F','0','module:city:remove','#','admin','2018-03-01 00:00:00','ry','2018-03-01 00:00:00',''),(2017,'åŸå¸‚ä¿å­˜',2012,5,'#','F','0','module:city:save','#','admin','2018-03-01 00:00:00','ry','2018-03-01 00:00:00',''),(2018,'åœ°å€',2000,1,'/module/fulladdress','F','0','module:fulladdress:view','#','admin','2018-03-01 00:00:00','admin','2018-07-09 09:49:28','åœ°å€èœå•'),(2019,'åœ°å€æŸ¥è¯¢',2018,1,'#','F','0','module:fulladdress:list','#','admin','2018-03-01 00:00:00','ry','2018-03-01 00:00:00',''),(2020,'åœ°å€æ–°å¢',2018,2,'#','F','0','module:fulladdress:add','#','admin','2018-03-01 00:00:00','ry','2018-03-01 00:00:00',''),(2021,'åœ°å€ä¿®æ”¹',2018,3,'#','F','0','module:fulladdress:edit','#','admin','2018-03-01 00:00:00','ry','2018-03-01 00:00:00',''),(2022,'åœ°å€åˆ é™¤',2018,4,'#','F','0','module:fulladdress:remove','#','admin','2018-03-01 00:00:00','ry','2018-03-01 00:00:00',''),(2023,'åœ°å€ä¿å­˜',2018,5,'#','F','0','module:fulladdress:save','#','admin','2018-03-01 00:00:00','ry','2018-03-01 00:00:00',''),(2024,'æ ¹æ®å›½å®¶æŸ¥è¯¢åŸå¸‚',2012,6,'#','F','0','module:city:listbycountry','#','admin','2018-07-08 09:24:17','',NULL,''),(2025,'è®¾å¤‡ç®¡ç†',4,1,'/module/device','C','0','module:device:view','#','admin','2018-03-01 00:00:00','ry','2018-03-01 00:00:00','è®¾å¤‡ç®¡ç†èœå•'),(2026,'è®¾å¤‡ç®¡ç†æŸ¥è¯¢',2025,1,'#','F','0','module:device:list','#','admin','2018-03-01 00:00:00','ry','2018-03-01 00:00:00',''),(2027,'è®¾å¤‡ç®¡ç†æ–°å¢',2025,2,'#','F','0','module:device:add','#','admin','2018-03-01 00:00:00','ry','2018-03-01 00:00:00',''),(2028,'è®¾å¤‡ç®¡ç†ä¿®æ”¹',2025,3,'#','F','0','module:device:edit','#','admin','2018-03-01 00:00:00','ry','2018-03-01 00:00:00',''),(2029,'è®¾å¤‡ç®¡ç†åˆ é™¤',2025,4,'#','F','0','module:device:remove','#','admin','2018-03-01 00:00:00','ry','2018-03-01 00:00:00',''),(2030,'è®¾å¤‡ç®¡ç†ä¿å­˜',2025,5,'#','F','0','module:device:save','#','admin','2018-03-01 00:00:00','ry','2018-03-01 00:00:00',''),(2031,'é‚®ç®±ç®¡ç†	',4,1,'/module/mail','C','0','module:mail:view','#','admin','2018-03-01 00:00:00','ry','2018-03-01 00:00:00','é‚®ç®±ç®¡ç†	èœå•'),(2032,'é‚®ç®±ç®¡ç†	æŸ¥è¯¢',2031,1,'#','F','0','module:mail:list','#','admin','2018-03-01 00:00:00','ry','2018-03-01 00:00:00',''),(2033,'é‚®ç®±ç®¡ç†	æ–°å¢',2031,2,'#','F','0','module:mail:add','#','admin','2018-03-01 00:00:00','ry','2018-03-01 00:00:00',''),(2034,'é‚®ç®±ç®¡ç†	ä¿®æ”¹',2031,3,'#','F','0','module:mail:edit','#','admin','2018-03-01 00:00:00','ry','2018-03-01 00:00:00',''),(2035,'é‚®ç®±ç®¡ç†	åˆ é™¤',2031,4,'#','F','0','module:mail:remove','#','admin','2018-03-01 00:00:00','ry','2018-03-01 00:00:00',''),(2036,'é‚®ç®±ç®¡ç†	ä¿å­˜',2031,5,'#','F','0','module:mail:save','#','admin','2018-03-01 00:00:00','ry','2018-03-01 00:00:00',''),(2037,'è”ç³»ç”µè¯',4,1,'/module/phone','C','0','module:phone:view','#','admin','2018-03-01 00:00:00','ry','2018-03-01 00:00:00','è”ç³»ç”µè¯èœå•'),(2038,'è”ç³»ç”µè¯æŸ¥è¯¢',2037,1,'#','F','0','module:phone:list','#','admin','2018-03-01 00:00:00','ry','2018-03-01 00:00:00',''),(2039,'è”ç³»ç”µè¯æ–°å¢',2037,2,'#','F','0','module:phone:add','#','admin','2018-03-01 00:00:00','ry','2018-03-01 00:00:00',''),(2040,'è”ç³»ç”µè¯ä¿®æ”¹',2037,3,'#','F','0','module:phone:edit','#','admin','2018-03-01 00:00:00','ry','2018-03-01 00:00:00',''),(2041,'è”ç³»ç”µè¯åˆ é™¤',2037,4,'#','F','0','module:phone:remove','#','admin','2018-03-01 00:00:00','ry','2018-03-01 00:00:00',''),(2042,'è”ç³»ç”µè¯ä¿å­˜',2037,5,'#','F','0','module:phone:save','#','admin','2018-03-01 00:00:00','ry','2018-03-01 00:00:00','');
/*!40000 ALTER TABLE `sys_menu` ENABLE KEYS */;
UNLOCK TABLES;

--
-- Table structure for table `sys_notice`
--

DROP TABLE IF EXISTS `sys_notice`;
/*!40101 SET @saved_cs_client     = @@character_set_client */;
 SET character_set_client = utf8mb4 ;
CREATE TABLE `sys_notice` (
  `notice_id` int(4) NOT NULL AUTO_INCREMENT COMMENT 'å…¬å‘ŠID',
  `notice_title` varchar(50) NOT NULL COMMENT 'å…¬å‘Šæ ‡é¢˜',
  `notice_type` char(2) NOT NULL COMMENT 'å…¬å‘Šç±»å‹ï¼ˆ1é€šçŸ¥ 2å…¬å‘Šï¼‰',
  `notice_content` varchar(500) NOT NULL COMMENT 'å…¬å‘Šå†…å®¹',
  `status` char(1) DEFAULT '0' COMMENT 'å…¬å‘ŠçŠ¶æ€ï¼ˆ0æ­£å¸¸ 1å…³é—­ï¼‰',
  `create_by` varchar(64) DEFAULT '' COMMENT 'åˆ›å»ºè€…',
  `create_time` datetime DEFAULT NULL COMMENT 'åˆ›å»ºæ—¶é—´',
  `update_by` varchar(64) DEFAULT '' COMMENT 'æ›´æ–°è€…',
  `update_time` datetime DEFAULT NULL COMMENT 'æ›´æ–°æ—¶é—´',
  `remark` varchar(255) DEFAULT '' COMMENT 'å¤‡æ³¨',
  PRIMARY KEY (`notice_id`)
) ENGINE=InnoDB AUTO_INCREMENT=10 DEFAULT CHARSET=utf8 COMMENT='é€šçŸ¥å…¬å‘Šè¡¨';
/*!40101 SET character_set_client = @saved_cs_client */;

--
-- Dumping data for table `sys_notice`
--

LOCK TABLES `sys_notice` WRITE;
/*!40000 ALTER TABLE `sys_notice` DISABLE KEYS */;
INSERT INTO `sys_notice` VALUES (1,'æ¸©é¦¨æé†’ï¼š2018-07-01 è‹¥ä¾æ–°ç‰ˆæœ¬å‘å¸ƒå•¦','2','æ–°ç‰ˆæœ¬å†…å®¹','0','admin','2018-03-16 11:33:00','ry','2018-03-16 11:33:00','ç®¡ç†å‘˜'),(2,'ç»´æŠ¤é€šçŸ¥ï¼š2018-07-01 è‹¥ä¾ç³»ç»Ÿå‡Œæ™¨ç»´æŠ¤','1','ç»´æŠ¤å†…å®¹','0','admin','2018-03-16 11:33:00','ry','2018-03-16 11:33:00','ç®¡ç†å‘˜');
/*!40000 ALTER TABLE `sys_notice` ENABLE KEYS */;
UNLOCK TABLES;

--
-- Table structure for table `sys_oper_log`
--

DROP TABLE IF EXISTS `sys_oper_log`;
/*!40101 SET @saved_cs_client     = @@character_set_client */;
 SET character_set_client = utf8mb4 ;
CREATE TABLE `sys_oper_log` (
  `oper_id` int(11) NOT NULL AUTO_INCREMENT COMMENT 'æ—¥å¿—ä¸»é”®',
  `title` varchar(50) DEFAULT '' COMMENT 'æ¨¡å—æ ‡é¢˜',
  `action` varchar(100) DEFAULT '' COMMENT 'åŠŸèƒ½è¯·æ±‚',
  `method` varchar(100) DEFAULT '' COMMENT 'æ–¹æ³•åç§°',
  `channel` varchar(20) DEFAULT '' COMMENT 'æ¥æºæ¸ é“ï¼ˆmanageåå°ç”¨æˆ· mobileæ‰‹æœºç«¯ç”¨æˆ· otherå…¶å®ƒï¼‰',
  `oper_name` varchar(50) DEFAULT '' COMMENT 'æ“ä½œäººå‘˜',
  `dept_name` varchar(50) DEFAULT '' COMMENT 'éƒ¨é—¨åç§°',
  `oper_url` varchar(255) DEFAULT '' COMMENT 'è¯·æ±‚URL',
  `oper_ip` varchar(30) DEFAULT '' COMMENT 'ä¸»æœºåœ°å€',
  `oper_location` varchar(255) DEFAULT '' COMMENT 'æ“ä½œåœ°ç‚¹',
  `oper_param` varchar(255) DEFAULT '' COMMENT 'è¯·æ±‚å‚æ•°',
  `status` char(1) DEFAULT '0' COMMENT 'æ“ä½œçŠ¶æ€ï¼ˆ0æ­£å¸¸ 1å¼‚å¸¸ï¼‰',
  `error_msg` varchar(2000) DEFAULT '' COMMENT 'é”™è¯¯æ¶ˆæ¯',
  `oper_time` datetime DEFAULT NULL COMMENT 'æ“ä½œæ—¶é—´',
  PRIMARY KEY (`oper_id`)
) ENGINE=InnoDB AUTO_INCREMENT=123 DEFAULT CHARSET=utf8 COMMENT='æ“ä½œæ—¥å¿—è®°å½•';
/*!40101 SET character_set_client = @saved_cs_client */;

--
-- Dumping data for table `sys_oper_log`
--

LOCK TABLES `sys_oper_log` WRITE;
/*!40000 ALTER TABLE `sys_oper_log` DISABLE KEYS */;
INSERT INTO `sys_oper_log` VALUES (100,'è§’è‰²ç®¡ç†','2','com.ruoyi.project.system.role.controller.RoleController.edit()','1','admin','ç ”å‘ä¸€éƒ¨','/system/role/edit/1','127.0.0.1','XX å†…ç½‘IP','{}','0',NULL,'2018-07-09 09:48:28'),(101,'è§’è‰²ç®¡ç†','3','com.ruoyi.project.system.role.controller.RoleController.save()','1','admin','ç ”å‘ä¸€éƒ¨','/system/role/save','127.0.0.1','XX å†…ç½‘IP','{\"roleId\":[\"1\"],\"roleName\":[\"ç®¡ç†å‘˜\"],\"roleKey\":[\"admin\"],\"roleSort\":[\"1\"],\"status\":[\"0\"],\"remark\":[\"ç®¡ç†å‘˜\"],\"menuIds\":[\"1,100,1000,1001,1002,1003,1004,1005,101,1006,1007,1008,1009,1010,102,1011,1012,1013,1014,1015,103,1016,1017,1018,1019,1020,104,1021,1022,10','0',NULL,'2018-07-09 09:48:31'),(102,'èœå•ç®¡ç†','2','com.ruoyi.project.system.menu.controller.MenuController.edit()','1','admin','ç ”å‘ä¸€éƒ¨','/system/menu/edit/2012','127.0.0.1',NULL,'{}','0',NULL,'2018-07-09 09:49:13'),(103,'èœå•ç®¡ç†','3','com.ruoyi.project.system.menu.controller.MenuController.save()','1','admin','ç ”å‘ä¸€éƒ¨','/system/menu/save','127.0.0.1','XX å†…ç½‘IP','{\"menuId\":[\"2012\"],\"parentId\":[\"2000\"],\"menuType\":[\"F\"],\"menuName\":[\"åŸå¸‚\"],\"url\":[\"/module/city\"],\"perms\":[\"module:city:view\"],\"orderNum\":[\"1\"],\"icon\":[\"#\"],\"visible\":[\"0\"]}','0',NULL,'2018-07-09 09:49:17'),(104,'èœå•ç®¡ç†','2','com.ruoyi.project.system.menu.controller.MenuController.edit()','1','admin','ç ”å‘ä¸€éƒ¨','/system/menu/edit/2018','127.0.0.1','XX å†…ç½‘IP','{}','0',NULL,'2018-07-09 09:49:25'),(105,'èœå•ç®¡ç†','3','com.ruoyi.project.system.menu.controller.MenuController.save()','1','admin','ç ”å‘ä¸€éƒ¨','/system/menu/save','127.0.0.1','XX å†…ç½‘IP','{\"menuId\":[\"2018\"],\"parentId\":[\"2000\"],\"menuType\":[\"F\"],\"menuName\":[\"åœ°å€\"],\"url\":[\"/module/fulladdress\"],\"perms\":[\"module:fulladdress:view\"],\"orderNum\":[\"1\"],\"icon\":[\"#\"],\"visible\":[\"0\"]}','0',NULL,'2018-07-09 09:49:28'),(106,'ä»£ç ç”Ÿæˆ','10','com.ruoyi.project.tool.gen.controller.GenController.genCode()','1','admin','ç ”å‘ä¸€éƒ¨','/tool/gen/genCode/sys_cell_phone','127.0.0.1','XX å†…ç½‘IP','{}','0',NULL,'2018-07-10 15:33:16'),(107,'è§’è‰²ç®¡ç†','2','com.ruoyi.project.system.role.controller.RoleController.edit()','1','admin','ç ”å‘ä¸€éƒ¨','/system/role/edit/1','127.0.0.1','XX å†…ç½‘IP','{}','0',NULL,'2018-07-10 15:38:48'),(108,'è§’è‰²ç®¡ç†','3','com.ruoyi.project.system.role.controller.RoleController.save()','1','admin','ç ”å‘ä¸€éƒ¨','/system/role/save','127.0.0.1','XX å†…ç½‘IP','{\"roleId\":[\"1\"],\"roleName\":[\"ç®¡ç†å‘˜\"],\"roleKey\":[\"admin\"],\"roleSort\":[\"1\"],\"status\":[\"0\"],\"remark\":[\"ç®¡ç†å‘˜\"],\"menuIds\":[\"1,100,1000,1001,1002,1003,1004,1005,101,1006,1007,1008,1009,1010,102,1011,1012,1013,1014,1015,103,1016,1017,1018,1019,1020,104,1021,1022,10','0',NULL,'2018-07-10 15:38:55'),(109,'è”ç³»ç”µè¯','1','com.ruoyi.project.module.cellphone.controller.CellPhoneController.add()','1','admin','ç ”å‘ä¸€éƒ¨','/module/phone/add','127.0.0.1','XX å†…ç½‘IP','{}','0',NULL,'2018-07-10 15:44:53'),(110,'è”ç³»ç”µè¯','1','com.ruoyi.project.module.cellphone.controller.CellPhoneController.add()','1','admin','ç ”å‘ä¸€éƒ¨','/module/phone/add','127.0.0.1','XX å†…ç½‘IP','{}','0',NULL,'2018-07-10 15:45:46'),(111,'è”ç³»ç”µè¯','1','com.ruoyi.project.module.cellphone.controller.CellPhoneController.add()','1','admin','ç ”å‘ä¸€éƒ¨','/module/phone/add','127.0.0.1','XX å†…ç½‘IP','{}','0',NULL,'2018-07-10 15:46:42'),(112,'è”ç³»ç”µè¯','1','com.ruoyi.project.module.cellphone.controller.CellPhoneController.add()','1','admin','ç ”å‘ä¸€éƒ¨','/module/phone/add','127.0.0.1','XX å†…ç½‘IP','{}','0',NULL,'2018-07-10 15:50:15'),(113,'è”ç³»ç”µè¯','1','com.ruoyi.project.module.cellphone.controller.CellPhoneController.add()','1','admin','ç ”å‘ä¸€éƒ¨','/module/phone/add','127.0.0.1','XX å†…ç½‘IP','{}','0',NULL,'2018-07-10 16:43:27'),(114,'è”ç³»ç”µè¯','1','com.ruoyi.project.module.cellphone.controller.CellPhoneController.add()','1','admin','ç ”å‘ä¸€éƒ¨','/module/phone/add','127.0.0.1','XX å†…ç½‘IP','{}','0',NULL,'2018-07-10 16:44:59'),(115,'è”ç³»ç”µè¯','1','com.ruoyi.project.module.cellphone.controller.CellPhoneController.add()','1','admin','ç ”å‘ä¸€éƒ¨','/module/phone/add','127.0.0.1','XX å†…ç½‘IP','{}','0',NULL,'2018-07-10 16:45:17'),(116,'è”ç³»ç”µè¯','1','com.ruoyi.project.module.cellphone.controller.CellPhoneController.add()','1','admin','ç ”å‘ä¸€éƒ¨','/module/phone/add','127.0.0.1','XX å†…ç½‘IP','{}','0',NULL,'2018-07-10 16:45:37'),(117,'è”ç³»ç”µè¯','1','com.ruoyi.project.module.cellphone.controller.CellPhoneController.add()','1','admin','ç ”å‘ä¸€éƒ¨','/module/phone/add','127.0.0.1','XX å†…ç½‘IP','{}','0',NULL,'2018-07-10 16:55:11'),(118,'è”ç³»ç”µè¯','1','com.ruoyi.project.module.cellphone.controller.CellPhoneController.add()','1','admin','ç ”å‘ä¸€éƒ¨','/module/phone/add','127.0.0.1','XX å†…ç½‘IP','{}','0',NULL,'2018-07-10 16:56:20'),(119,'è”ç³»ç”µè¯','1','com.ruoyi.project.module.cellphone.controller.CellPhoneController.add()','1','admin','ç ”å‘ä¸€éƒ¨','/module/phone/add','127.0.0.1','XX å†…ç½‘IP','{}','0',NULL,'2018-07-10 16:57:03'),(120,'è”ç³»ç”µè¯','1','com.ruoyi.project.module.cellphone.controller.CellPhoneController.add()','1','admin','ç ”å‘ä¸€éƒ¨','/module/phone/add','127.0.0.1','XX å†…ç½‘IP','{}','0',NULL,'2018-07-10 16:57:22'),(121,'è”ç³»ç”µè¯','1','com.ruoyi.project.module.cellphone.controller.CellPhoneController.add()','1','admin','ç ”å‘ä¸€éƒ¨','/module/phone/add','127.0.0.1','XX å†…ç½‘IP','{}','0',NULL,'2018-07-10 17:10:28'),(122,'è”ç³»ç”µè¯','1','com.ruoyi.project.module.cellphone.controller.CellPhoneController.add()','1','admin','ç ”å‘ä¸€éƒ¨','/module/phone/add','127.0.0.1','XX å†…ç½‘IP','{}','0',NULL,'2018-07-10 17:11:43');
/*!40000 ALTER TABLE `sys_oper_log` ENABLE KEYS */;
UNLOCK TABLES;

--
-- Table structure for table `sys_post`
--

DROP TABLE IF EXISTS `sys_post`;
/*!40101 SET @saved_cs_client     = @@character_set_client */;
 SET character_set_client = utf8mb4 ;
CREATE TABLE `sys_post` (
  `post_id` int(11) NOT NULL AUTO_INCREMENT COMMENT 'å²—ä½ID',
  `post_code` varchar(64) NOT NULL COMMENT 'å²—ä½ç¼–ç ',
  `post_name` varchar(50) NOT NULL COMMENT 'å²—ä½åç§°',
  `post_sort` int(4) NOT NULL COMMENT 'æ˜¾ç¤ºé¡ºåº',
  `status` char(1) NOT NULL COMMENT 'çŠ¶æ€ï¼ˆ0æ­£å¸¸ 1åœç”¨ï¼‰',
  `create_by` varchar(64) DEFAULT '' COMMENT 'åˆ›å»ºè€…',
  `create_time` datetime DEFAULT NULL COMMENT 'åˆ›å»ºæ—¶é—´',
  `update_by` varchar(64) DEFAULT '' COMMENT 'æ›´æ–°è€…',
  `update_time` datetime DEFAULT NULL COMMENT 'æ›´æ–°æ—¶é—´',
  `remark` varchar(500) DEFAULT '' COMMENT 'å¤‡æ³¨',
  PRIMARY KEY (`post_id`)
) ENGINE=InnoDB AUTO_INCREMENT=5 DEFAULT CHARSET=utf8 COMMENT='å²—ä½ä¿¡æ¯è¡¨';
/*!40101 SET character_set_client = @saved_cs_client */;

--
-- Dumping data for table `sys_post`
--

LOCK TABLES `sys_post` WRITE;
/*!40000 ALTER TABLE `sys_post` DISABLE KEYS */;
INSERT INTO `sys_post` VALUES (1,'ceo','è‘£äº‹é•¿',1,'0','admin','2018-03-16 11:33:00','ry','2018-03-16 11:33:00',''),(2,'se','é¡¹ç›®ç»ç†',2,'0','admin','2018-03-16 11:33:00','ry','2018-03-16 11:33:00',''),(3,'hr','äººåŠ›èµ„æº',3,'0','admin','2018-03-16 11:33:00','ry','2018-03-16 11:33:00',''),(4,'user','æ™®é€šå‘˜å·¥',4,'0','admin','2018-03-16 11:33:00','ry','2018-03-16 11:33:00','');
/*!40000 ALTER TABLE `sys_post` ENABLE KEYS */;
UNLOCK TABLES;

--
-- Table structure for table `sys_role`
--

DROP TABLE IF EXISTS `sys_role`;
/*!40101 SET @saved_cs_client     = @@character_set_client */;
 SET character_set_client = utf8mb4 ;
CREATE TABLE `sys_role` (
  `role_id` int(11) NOT NULL AUTO_INCREMENT COMMENT 'è§’è‰²ID',
  `role_name` varchar(30) NOT NULL COMMENT 'è§’è‰²åç§°',
  `role_key` varchar(100) NOT NULL COMMENT 'è§’è‰²æƒé™å­—ç¬¦ä¸²',
  `role_sort` int(4) NOT NULL COMMENT 'æ˜¾ç¤ºé¡ºåº',
  `status` char(1) NOT NULL COMMENT 'è§’è‰²çŠ¶æ€ï¼ˆ0æ­£å¸¸ 1åœç”¨ï¼‰',
  `create_by` varchar(64) DEFAULT '' COMMENT 'åˆ›å»ºè€…',
  `create_time` datetime DEFAULT NULL COMMENT 'åˆ›å»ºæ—¶é—´',
  `update_by` varchar(64) DEFAULT '' COMMENT 'æ›´æ–°è€…',
  `update_time` datetime DEFAULT NULL COMMENT 'æ›´æ–°æ—¶é—´',
  `remark` varchar(500) DEFAULT '' COMMENT 'å¤‡æ³¨',
  PRIMARY KEY (`role_id`)
) ENGINE=InnoDB AUTO_INCREMENT=100 DEFAULT CHARSET=utf8 COMMENT='è§’è‰²ä¿¡æ¯è¡¨';
/*!40101 SET character_set_client = @saved_cs_client */;

--
-- Dumping data for table `sys_role`
--

LOCK TABLES `sys_role` WRITE;
/*!40000 ALTER TABLE `sys_role` DISABLE KEYS */;
INSERT INTO `sys_role` VALUES (1,'ç®¡ç†å‘˜','admin',1,'0','admin','2018-03-16 11:33:00','admin','2018-07-10 15:38:55','ç®¡ç†å‘˜'),(2,'æ™®é€šè§’è‰²','common',2,'0','admin','2018-03-16 11:33:00','ry','2018-03-16 11:33:00','æ™®é€šè§’è‰²');
/*!40000 ALTER TABLE `sys_role` ENABLE KEYS */;
UNLOCK TABLES;

--
-- Table structure for table `sys_role_menu`
--

DROP TABLE IF EXISTS `sys_role_menu`;
/*!40101 SET @saved_cs_client     = @@character_set_client */;
 SET character_set_client = utf8mb4 ;
CREATE TABLE `sys_role_menu` (
  `role_id` int(11) NOT NULL COMMENT 'è§’è‰²ID',
  `menu_id` int(11) NOT NULL COMMENT 'èœå•ID',
  PRIMARY KEY (`role_id`,`menu_id`)
) ENGINE=InnoDB DEFAULT CHARSET=utf8 COMMENT='è§’è‰²å’Œèœå•å…³è”è¡¨';
/*!40101 SET character_set_client = @saved_cs_client */;

--
-- Dumping data for table `sys_role_menu`
--

LOCK TABLES `sys_role_menu` WRITE;
/*!40000 ALTER TABLE `sys_role_menu` DISABLE KEYS */;
INSERT INTO `sys_role_menu` VALUES (1,1),(1,2),(1,3),(1,4),(1,100),(1,101),(1,102),(1,103),(1,104),(1,105),(1,106),(1,107),(1,108),(1,109),(1,110),(1,111),(1,112),(1,113),(1,114),(1,500),(1,501),(1,1000),(1,1001),(1,1002),(1,1003),(1,1004),(1,1005),(1,1006),(1,1007),(1,1008),(1,1009),(1,1010),(1,1011),(1,1012),(1,1013),(1,1014),(1,1015),(1,1016),(1,1017),(1,1018),(1,1019),(1,1020),(1,1021),(1,1022),(1,1023),(1,1024),(1,1025),(1,1026),(1,1027),(1,1028),(1,1029),(1,1030),(1,1031),(1,1032),(1,1033),(1,1034),(1,1035),(1,1036),(1,1037),(1,1038),(1,1039),(1,1040),(1,1041),(1,1042),(1,1043),(1,1044),(1,1045),(1,1046),(1,1047),(1,1048),(1,1049),(1,1050),(1,1051),(1,1052),(1,1053),(1,1054),(1,1055),(1,1056),(1,2000),(1,2001),(1,2007),(1,2008),(1,2009),(1,2010),(1,2011),(1,2012),(1,2013),(1,2014),(1,2015),(1,2016),(1,2017),(1,2018),(1,2019),(1,2020),(1,2021),(1,2022),(1,2023),(1,2024),(1,2025),(1,2026),(1,2027),(1,2028),(1,2029),(1,2030),(1,2031),(1,2032),(1,2033),(1,2034),(1,2035),(1,2036),(1,2037),(1,2038),(1,2039),(1,2040),(1,2041),(1,2042);
/*!40000 ALTER TABLE `sys_role_menu` ENABLE KEYS */;
UNLOCK TABLES;

--
-- Table structure for table `sys_user`
--

DROP TABLE IF EXISTS `sys_user`;
/*!40101 SET @saved_cs_client     = @@character_set_client */;
 SET character_set_client = utf8mb4 ;
CREATE TABLE `sys_user` (
  `user_id` int(11) NOT NULL AUTO_INCREMENT COMMENT 'ç”¨æˆ·ID',
  `dept_id` int(11) DEFAULT NULL COMMENT 'éƒ¨é—¨ID',
  `login_name` varchar(30) NOT NULL COMMENT 'ç™»å½•è´¦å·',
  `user_name` varchar(30) NOT NULL COMMENT 'ç”¨æˆ·æ˜µç§°',
  `user_type` varchar(2) DEFAULT '00' COMMENT 'ç”¨æˆ·ç±»å‹ï¼ˆ00ç³»ç»Ÿç”¨æˆ·ï¼‰',
  `email` varchar(50) DEFAULT '' COMMENT 'ç”¨æˆ·é‚®ç®±',
  `phonenumber` varchar(11) DEFAULT '' COMMENT 'æ‰‹æœºå·ç ',
  `sex` char(1) DEFAULT '0' COMMENT 'ç”¨æˆ·æ€§åˆ«ï¼ˆ0ç”· 1å¥³ 2æœªçŸ¥ï¼‰',
  `avatar` varchar(100) DEFAULT '' COMMENT 'å¤´åƒè·¯å¾„',
  `password` varchar(50) DEFAULT '' COMMENT 'å¯†ç ',
  `salt` varchar(20) DEFAULT '' COMMENT 'ç›åŠ å¯†',
  `status` char(1) DEFAULT '0' COMMENT 'å¸å·çŠ¶æ€ï¼ˆ0æ­£å¸¸ 1åœç”¨ï¼‰',
  `del_flag` char(1) DEFAULT '0' COMMENT 'åˆ é™¤æ ‡å¿—ï¼ˆ0ä»£è¡¨å­˜åœ¨ 2ä»£è¡¨åˆ é™¤ï¼‰',
  `login_ip` varchar(20) DEFAULT '' COMMENT 'æœ€åç™»é™†IP',
  `login_date` datetime DEFAULT NULL COMMENT 'æœ€åç™»é™†æ—¶é—´',
  `create_by` varchar(64) DEFAULT '' COMMENT 'åˆ›å»ºè€…',
  `create_time` datetime DEFAULT NULL COMMENT 'åˆ›å»ºæ—¶é—´',
  `update_by` varchar(64) DEFAULT '' COMMENT 'æ›´æ–°è€…',
  `update_time` datetime DEFAULT NULL COMMENT 'æ›´æ–°æ—¶é—´',
  `remark` varchar(500) DEFAULT '' COMMENT 'å¤‡æ³¨',
  PRIMARY KEY (`user_id`)
) ENGINE=InnoDB AUTO_INCREMENT=100 DEFAULT CHARSET=utf8 COMMENT='ç”¨æˆ·ä¿¡æ¯è¡¨';
/*!40101 SET character_set_client = @saved_cs_client */;

--
-- Dumping data for table `sys_user`
--

LOCK TABLES `sys_user` WRITE;
/*!40000 ALTER TABLE `sys_user` DISABLE KEYS */;
INSERT INTO `sys_user` VALUES (1,106,'admin','è‹¥ä¾','00','ry@163.com','15888888888','1','','29c67a30398638269fe600f73a054934','111111','0','0','127.0.0.1','2018-07-10 16:56:16','admin','2018-03-16 11:33:00','ry','2018-07-10 16:56:15','ç®¡ç†å‘˜'),(2,108,'ry','è‹¥ä¾','00','ry@qq.com','15666666666','1','','8e6d98b90472783cc73c17047ddccf36','222222','0','0','127.0.0.1','2018-03-16 11:33:00','admin','2018-03-16 11:33:00','ry','2018-03-16 11:33:00','æµ‹è¯•å‘˜');
/*!40000 ALTER TABLE `sys_user` ENABLE KEYS */;
UNLOCK TABLES;

--
-- Table structure for table `sys_user_online`
--

DROP TABLE IF EXISTS `sys_user_online`;
/*!40101 SET @saved_cs_client     = @@character_set_client */;
 SET character_set_client = utf8mb4 ;
CREATE TABLE `sys_user_online` (
  `sessionId` varchar(50) NOT NULL DEFAULT '' COMMENT 'ç”¨æˆ·ä¼šè¯id',
  `login_name` varchar(50) DEFAULT '' COMMENT 'ç™»å½•è´¦å·',
  `dept_name` varchar(50) DEFAULT '' COMMENT 'éƒ¨é—¨åç§°',
  `ipaddr` varchar(50) DEFAULT '' COMMENT 'ç™»å½•IPåœ°å€',
  `login_location` varchar(255) DEFAULT '' COMMENT 'ç™»å½•åœ°ç‚¹',
  `browser` varchar(50) DEFAULT '' COMMENT 'æµè§ˆå™¨ç±»å‹',
  `os` varchar(50) DEFAULT '' COMMENT 'æ“ä½œç³»ç»Ÿ',
  `status` varchar(10) DEFAULT '' COMMENT 'åœ¨çº¿çŠ¶æ€on_lineåœ¨çº¿off_lineç¦»çº¿',
  `start_timestsamp` datetime DEFAULT NULL COMMENT 'sessionåˆ›å»ºæ—¶é—´',
  `last_access_time` datetime DEFAULT NULL COMMENT 'sessionæœ€åè®¿é—®æ—¶é—´',
  `expire_time` int(5) DEFAULT '0' COMMENT 'è¶…æ—¶æ—¶é—´ï¼Œå•ä½ä¸ºåˆ†é’Ÿ',
  PRIMARY KEY (`sessionId`)
) ENGINE=InnoDB DEFAULT CHARSET=utf8 COMMENT='åœ¨çº¿ç”¨æˆ·è®°å½•';
/*!40101 SET character_set_client = @saved_cs_client */;

--
-- Dumping data for table `sys_user_online`
--

LOCK TABLES `sys_user_online` WRITE;
/*!40000 ALTER TABLE `sys_user_online` DISABLE KEYS */;
INSERT INTO `sys_user_online` VALUES ('9204152f-40e9-43d3-8b8c-08883b1b3d63','admin','ç ”å‘ä¸€éƒ¨','127.0.0.1','XX å†…ç½‘IP','Chrome','Windows 10','on_line','2018-07-10 16:56:13','2018-07-10 16:57:20',1800000);
/*!40000 ALTER TABLE `sys_user_online` ENABLE KEYS */;
UNLOCK TABLES;

--
-- Table structure for table `sys_user_post`
--

DROP TABLE IF EXISTS `sys_user_post`;
/*!40101 SET @saved_cs_client     = @@character_set_client */;
 SET character_set_client = utf8mb4 ;
CREATE TABLE `sys_user_post` (
  `user_id` varchar(64) NOT NULL COMMENT 'ç”¨æˆ·ID',
  `post_id` varchar(64) NOT NULL COMMENT 'å²—ä½ID',
  PRIMARY KEY (`user_id`,`post_id`)
) ENGINE=InnoDB DEFAULT CHARSET=utf8 COMMENT='ç”¨æˆ·ä¸å²—ä½å…³è”è¡¨';
/*!40101 SET character_set_client = @saved_cs_client */;

--
-- Dumping data for table `sys_user_post`
--

LOCK TABLES `sys_user_post` WRITE;
/*!40000 ALTER TABLE `sys_user_post` DISABLE KEYS */;
INSERT INTO `sys_user_post` VALUES ('1','1'),('2','2');
/*!40000 ALTER TABLE `sys_user_post` ENABLE KEYS */;
UNLOCK TABLES;

--
-- Table structure for table `sys_user_role`
--

DROP TABLE IF EXISTS `sys_user_role`;
/*!40101 SET @saved_cs_client     = @@character_set_client */;
 SET character_set_client = utf8mb4 ;
CREATE TABLE `sys_user_role` (
  `user_id` int(11) NOT NULL COMMENT 'ç”¨æˆ·ID',
  `role_id` int(11) NOT NULL COMMENT 'è§’è‰²ID',
  PRIMARY KEY (`user_id`,`role_id`)
) ENGINE=InnoDB DEFAULT CHARSET=utf8 COMMENT='ç”¨æˆ·å’Œè§’è‰²å…³è”è¡¨';
/*!40101 SET character_set_client = @saved_cs_client */;

--
-- Dumping data for table `sys_user_role`
--

LOCK TABLES `sys_user_role` WRITE;
/*!40000 ALTER TABLE `sys_user_role` DISABLE KEYS */;
INSERT INTO `sys_user_role` VALUES (1,1),(2,2);
/*!40000 ALTER TABLE `sys_user_role` ENABLE KEYS */;
UNLOCK TABLES;

--
-- Dumping events for database 'ry'
--

--
-- Dumping routines for database 'ry'
--
/*!40103 SET TIME_ZONE=@OLD_TIME_ZONE */;

/*!40101 SET SQL_MODE=@OLD_SQL_MODE */;
/*!40014 SET FOREIGN_KEY_CHECKS=@OLD_FOREIGN_KEY_CHECKS */;
/*!40014 SET UNIQUE_CHECKS=@OLD_UNIQUE_CHECKS */;
/*!40101 SET CHARACTER_SET_CLIENT=@OLD_CHARACTER_SET_CLIENT */;
/*!40101 SET CHARACTER_SET_RESULTS=@OLD_CHARACTER_SET_RESULTS */;
/*!40101 SET COLLATION_CONNECTION=@OLD_COLLATION_CONNECTION */;
/*!40111 SET SQL_NOTES=@OLD_SQL_NOTES */;

-- Dump completed on 2018-07-10 17:48:27
